Using pre-set license
Built from '2022.3/staging' branch; Version is '2022.3.16f1 (d2c21f0ef2f1) revision 13812255'; Using compiler version '192829333'; Build Type 'Release'
OS: 'Windows 10  (10.0.19045) 64bit CoreSingleLanguage' Language: 'en' Physical Memory: 16228 MB
BatchMode: 1, IsHumanControllingUs: 0, StartBugReporterOnCrash: 0, Is64bit: 1, IsPro: 1

COMMAND LINE ARGUMENTS:
C:\Program Files\Unity\Hub\Editor\2022.3.16f1\Editor\Unity.exe
-adb2
-batchMode
-noUpm
-name
AssetImportWorker6
-projectPath
C:/Users/gunxam/Desktop/IGD461/Github/DollMakerProject/Thesis ตัวร้าย/Dollmaker
-logFile
Logs/AssetImportWorker6.log
-srvPort
53094
Successfully changed project path to: C:/Users/gunxam/Desktop/IGD461/Github/DollMakerProject/Thesis ตัวร้าย/Dollmaker
C:/Users/gunxam/Desktop/IGD461/Github/DollMakerProject/Thesis ตัวร้าย/Dollmaker
[UnityMemory] Configuration Parameters - Can be set up in boot.config
    "memorysetup-bucket-allocator-granularity=16"
    "memorysetup-bucket-allocator-bucket-count=8"
    "memorysetup-bucket-allocator-block-size=33554432"
    "memorysetup-bucket-allocator-block-count=8"
    "memorysetup-main-allocator-block-size=16777216"
    "memorysetup-thread-allocator-block-size=16777216"
    "memorysetup-gfx-main-allocator-block-size=16777216"
    "memorysetup-gfx-thread-allocator-block-size=16777216"
    "memorysetup-cache-allocator-block-size=4194304"
    "memorysetup-typetree-allocator-block-size=2097152"
    "memorysetup-profiler-bucket-allocator-granularity=16"
    "memorysetup-profiler-bucket-allocator-bucket-count=8"
    "memorysetup-profiler-bucket-allocator-block-size=33554432"
    "memorysetup-profiler-bucket-allocator-block-count=8"
    "memorysetup-profiler-allocator-block-size=16777216"
    "memorysetup-profiler-editor-allocator-block-size=1048576"
    "memorysetup-temp-allocator-size-main=16777216"
    "memorysetup-job-temp-allocator-block-size=2097152"
    "memorysetup-job-temp-allocator-block-size-background=1048576"
    "memorysetup-job-temp-allocator-reduction-small-platforms=262144"
    "memorysetup-allocator-temp-initial-block-size-main=262144"
    "memorysetup-allocator-temp-initial-block-size-worker=262144"
    "memorysetup-temp-allocator-size-background-worker=32768"
    "memorysetup-temp-allocator-size-job-worker=262144"
    "memorysetup-temp-allocator-size-preload-manager=33554432"
    "memorysetup-temp-allocator-size-nav-mesh-worker=65536"
    "memorysetup-temp-allocator-size-audio-worker=65536"
    "memorysetup-temp-allocator-size-cloud-worker=32768"
    "memorysetup-temp-allocator-size-gi-baking-worker=262144"
    "memorysetup-temp-allocator-size-gfx=262144"
Player connection [21412] Host "[IP] 192.168.1.55 [Port] 0 [Flags] 2 [Guid] 1167297633 [EditorId] 1167297633 [Version] 1048832 [Id] WindowsEditor(7,HayaseNagatoro) [Debug] 1 [PackageName] WindowsEditor [ProjectName] Editor" joined multi-casting on [225.0.0.222:54997]...

Player connection [21412] Host "[IP] 192.168.1.55 [Port] 0 [Flags] 2 [Guid] 1167297633 [EditorId] 1167297633 [Version] 1048832 [Id] WindowsEditor(7,HayaseNagatoro) [Debug] 1 [PackageName] WindowsEditor [ProjectName] Editor" joined alternative multi-casting on [225.0.0.222:34997]...

[Physics::Module] Initialized MultithreadedJobDispatcher with 11 workers.
Refreshing native plugins compatible for Editor in 25.11 ms, found 5 plugins.
Preloading 0 native plugins for Editor in 0.00 ms.
Initialize engine version: 2022.3.16f1 (d2c21f0ef2f1)
[Subsystems] Discovering subsystems at path C:/Program Files/Unity/Hub/Editor/2022.3.16f1/Editor/Data/Resources/UnitySubsystems
[Subsystems] Discovering subsystems at path C:/Users/gunxam/Desktop/IGD461/Github/DollMakerProject/Thesis ตัวร้าย/Dollmaker/Assets
GfxDevice: creating device client; threaded=0; jobified=0
Direct3D:
    Version:  Direct3D 11.0 [level 11.1]
    Renderer: NVIDIA GeForce RTX 2060 (ID=0x1f11)
    Vendor:   NVIDIA
    VRAM:     5955 MB
    Driver:   31.0.15.5186
Initialize mono
Mono path[0] = 'C:/Program Files/Unity/Hub/Editor/2022.3.16f1/Editor/Data/Managed'
Mono path[1] = 'C:/Program Files/Unity/Hub/Editor/2022.3.16f1/Editor/Data/MonoBleedingEdge/lib/mono/unityjit-win32'
Mono config path = 'C:/Program Files/Unity/Hub/Editor/2022.3.16f1/Editor/Data/MonoBleedingEdge/etc'
Using monoOptions --debugger-agent=transport=dt_socket,embedding=1,server=y,suspend=n,address=127.0.0.1:56392
Begin MonoManager ReloadAssembly
Registering precompiled unity dll's ...
Register platform support module: C:/Program Files/Unity/Hub/Editor/2022.3.16f1/Editor/Data/PlaybackEngines/WindowsStandaloneSupport/UnityEditor.WindowsStandalone.Extensions.dll
Registered in 0.010933 seconds.
- Loaded All Assemblies, in  0.494 seconds
Native extension for WindowsStandalone target not found
Mono: successfully reloaded assembly
- Finished resetting the current domain, in  0.351 seconds
Domain Reload Profiling: 843ms
	BeginReloadAssembly (183ms)
		ExecutionOrderSort (0ms)
		DisableScriptedObjects (0ms)
		BackupInstance (0ms)
		ReleaseScriptingObjects (0ms)
		CreateAndSetChildDomain (1ms)
	RebuildCommonClasses (46ms)
	RebuildNativeTypeToScriptingClass (13ms)
	initialDomainReloadingComplete (72ms)
	LoadAllAssembliesAndSetupDomain (177ms)
		LoadAssemblies (179ms)
		RebuildTransferFunctionScriptingTraits (0ms)
		AnalyzeDomain (175ms)
			TypeCache.Refresh (173ms)
				TypeCache.ScanAssembly (156ms)
			ScanForSourceGeneratedMonoScriptInfo (0ms)
			ResolveRequiredComponents (1ms)
	FinalizeReload (352ms)
		ReleaseScriptCaches (0ms)
		RebuildScriptCaches (0ms)
		SetupLoadedEditorAssemblies (263ms)
			LogAssemblyErrors (0ms)
			InitializePlatformSupportModulesInManaged (13ms)
			SetLoadedEditorAssemblies (10ms)
			RefreshPlugins (0ms)
			BeforeProcessingInitializeOnLoad (3ms)
			ProcessInitializeOnLoadAttributes (170ms)
			ProcessInitializeOnLoadMethodAttributes (67ms)
			AfterProcessingInitializeOnLoad (0ms)
			EditorAssembliesLoaded (0ms)
		ExecutionOrderSort2 (0ms)
		AwakeInstancesAfterBackupRestoration (0ms)
========================================================================
Worker process is ready to serve import requests
Begin MonoManager ReloadAssembly
- Loaded All Assemblies, in  1.452 seconds
Refreshing native plugins compatible for Editor in 12.57 ms, found 5 plugins.
Native extension for WindowsStandalone target not found
Package Manager log level set to [2]
[Package Manager] Server::EnsureServerProcessIsRunning -- launch failed, reason: Unity was launched with the -noUpm command-line argument
[Package Manager] UpmClient::Send -- Unable to send message (not connected to UPM process).
[Package Manager] Cannot connect to Unity Package Manager local server
Mono: successfully reloaded assembly
- Finished resetting the current domain, in  1.298 seconds
Domain Reload Profiling: 2739ms
	BeginReloadAssembly (260ms)
		ExecutionOrderSort (0ms)
		DisableScriptedObjects (13ms)
		BackupInstance (0ms)
		ReleaseScriptingObjects (0ms)
		CreateAndSetChildDomain (37ms)
	RebuildCommonClasses (60ms)
	RebuildNativeTypeToScriptingClass (19ms)
	initialDomainReloadingComplete (83ms)
	LoadAllAssembliesAndSetupDomain (1019ms)
		LoadAssemblies (654ms)
		RebuildTransferFunctionScriptingTraits (0ms)
		AnalyzeDomain (508ms)
			TypeCache.Refresh (427ms)
				TypeCache.ScanAssembly (393ms)
			ScanForSourceGeneratedMonoScriptInfo (59ms)
			ResolveRequiredComponents (21ms)
	FinalizeReload (1298ms)
		ReleaseScriptCaches (0ms)
		RebuildScriptCaches (0ms)
		SetupLoadedEditorAssemblies (976ms)
			LogAssemblyErrors (0ms)
			InitializePlatformSupportModulesInManaged (14ms)
			SetLoadedEditorAssemblies (9ms)
			RefreshPlugins (0ms)
			BeforeProcessingInitializeOnLoad (195ms)
			ProcessInitializeOnLoadAttributes (652ms)
			ProcessInitializeOnLoadMethodAttributes (90ms)
			AfterProcessingInitializeOnLoad (16ms)
			EditorAssembliesLoaded (0ms)
		ExecutionOrderSort2 (0ms)
		AwakeInstancesAfterBackupRestoration (9ms)
Launched and connected shader compiler UnityShaderCompiler.exe after 0.05 seconds
Refreshing native plugins compatible for Editor in 11.17 ms, found 5 plugins.
Preloading 0 native plugins for Editor in 0.00 ms.
Unloading 7125 Unused Serialized files (Serialized files now loaded: 0)
Unloading 121 unused Assets / (1.7 MB). Loaded Objects now: 7581.
Memory consumption went from 378.9 MB to 377.2 MB.
Total: 4.641000 ms (FindLiveObjects: 0.523800 ms CreateObjectMapping: 0.557000 ms MarkObjects: 3.064500 ms  DeleteObjects: 0.494600 ms)

AssetImportParameters requested are different than current active one (requested -> active):
  custom:container-demuxer-ogg: 62fdf1f143b41e24485cea50d1cbac27 -> 
  custom:framework-win-MediaFoundation: 216162199b28c13a410421893ffa2e32 -> 
  custom:container-muxer-webm: aa71ff27fc2769a1b78a27578f13a17b -> 
  custom:video-decoder-webm-vp8: 9c59270c3fd7afecdb556c50c9e8de78 -> 
  custom:SearchIndexIgnoredProperties: e643bd26f0fe6173181afceb89e7c659 -> 
  custom:AudioImporter_EditorPlatform: d09bf68614088b80899f8185d706f6e7 -> 
  custom:audio-decoder-ogg-vorbis: bf7c407c2cedff20999df2af8eb42d56 -> 
  custom:audio-encoder-webm-vorbis: bf7c407c2cedff20999df2af8eb42d56 -> 
  custom:video-decoder-ogg-theora: a1e56fd34408186e4bbccfd4996cb3dc -> 
  custom:CustomObjectIndexerAttribute: 39606d92bcf39ac9cd6fca1116091104 -> 
  custom:container-demuxer-webm: 4f35f7cbe854078d1ac9338744f61a02 -> 
  custom:video-encoder-webm-vp8: eb34c28f22e8b96e1ab97ce403110664 -> 
========================================================================
Received Prepare
Begin MonoManager ReloadAssembly
- Loaded All Assemblies, in  0.879 seconds
Refreshing native plugins compatible for Editor in 9.81 ms, found 5 plugins.
Native extension for WindowsStandalone target not found
[Package Manager] Server::EnsureServerProcessIsRunning -- launch failed, reason: Unity was launched with the -noUpm command-line argument
[Package Manager] UpmClient::Send -- Unable to send message (not connected to UPM process).
[Package Manager] Cannot connect to Unity Package Manager local server
Mono: successfully reloaded assembly
- Finished resetting the current domain, in  2.318 seconds
Domain Reload Profiling: 3188ms
	BeginReloadAssembly (298ms)
		ExecutionOrderSort (0ms)
		DisableScriptedObjects (21ms)
		BackupInstance (0ms)
		ReleaseScriptingObjects (0ms)
		CreateAndSetChildDomain (76ms)
	RebuildCommonClasses (65ms)
	RebuildNativeTypeToScriptingClass (17ms)
	initialDomainReloadingComplete (48ms)
	LoadAllAssembliesAndSetupDomain (441ms)
		LoadAssemblies (533ms)
		RebuildTransferFunctionScriptingTraits (0ms)
		AnalyzeDomain (41ms)
			TypeCache.Refresh (15ms)
				TypeCache.ScanAssembly (0ms)
			ScanForSourceGeneratedMonoScriptInfo (0ms)
			ResolveRequiredComponents (24ms)
	FinalizeReload (2319ms)
		ReleaseScriptCaches (0ms)
		RebuildScriptCaches (0ms)
		SetupLoadedEditorAssemblies (1130ms)
			LogAssemblyErrors (0ms)
			InitializePlatformSupportModulesInManaged (13ms)
			SetLoadedEditorAssemblies (9ms)
			RefreshPlugins (0ms)
			BeforeProcessingInitializeOnLoad (195ms)
			ProcessInitializeOnLoadAttributes (771ms)
			ProcessInitializeOnLoadMethodAttributes (125ms)
			AfterProcessingInitializeOnLoad (16ms)
			EditorAssembliesLoaded (0ms)
		ExecutionOrderSort2 (0ms)
		AwakeInstancesAfterBackupRestoration (42ms)
Refreshing native plugins compatible for Editor in 13.57 ms, found 5 plugins.
Preloading 0 native plugins for Editor in 0.00 ms.
Unloading 6742 Unused Serialized files (Serialized files now loaded: 0)
Unloading 68 unused Assets / (1.7 MB). Loaded Objects now: 7603.
Memory consumption went from 311.1 MB to 309.4 MB.
Total: 8.606800 ms (FindLiveObjects: 1.185900 ms CreateObjectMapping: 1.580000 ms MarkObjects: 5.293900 ms  DeleteObjects: 0.545600 ms)

Prepare: number of updated asset objects reloaded= 0
AssetImportParameters requested are different than current active one (requested -> active):
  custom:container-demuxer-ogg: 62fdf1f143b41e24485cea50d1cbac27 -> 
  custom:framework-win-MediaFoundation: 216162199b28c13a410421893ffa2e32 -> 
  custom:container-muxer-webm: aa71ff27fc2769a1b78a27578f13a17b -> 
  custom:video-decoder-webm-vp8: 9c59270c3fd7afecdb556c50c9e8de78 -> 
  custom:SearchIndexIgnoredProperties: e643bd26f0fe6173181afceb89e7c659 -> 
  custom:AudioImporter_EditorPlatform: d09bf68614088b80899f8185d706f6e7 -> 
  custom:audio-decoder-ogg-vorbis: bf7c407c2cedff20999df2af8eb42d56 -> 
  custom:audio-encoder-webm-vorbis: bf7c407c2cedff20999df2af8eb42d56 -> 
  custom:video-decoder-ogg-theora: a1e56fd34408186e4bbccfd4996cb3dc -> 
  custom:CustomObjectIndexerAttribute: 39606d92bcf39ac9cd6fca1116091104 -> 
  custom:container-demuxer-webm: 4f35f7cbe854078d1ac9338744f61a02 -> 
  custom:video-encoder-webm-vp8: eb34c28f22e8b96e1ab97ce403110664 -> 
========================================================================
Received Import Request.
  Time since last request: 19397.616438 seconds.
  path: Assets/All Assest/Assest 2D/Prop/ClothOnTable
  artifactKey: Guid(20315ee2d9ecf554897e81585cdab2d1) Importer(815301076,1909f56bfc062723c751e8b465ee728b)
Start importing Assets/All Assest/Assest 2D/Prop/ClothOnTable using Guid(20315ee2d9ecf554897e81585cdab2d1) Importer(815301076,1909f56bfc062723c751e8b465ee728b)  -> (artifact id: 'f5bdc10b2aa5bde75ceecdc66687f189') in 0.003911 seconds
Number of updated asset objects reloaded before import = 0
Number of asset objects unloaded after import = 0
========================================================================
Received Import Request.
  Time since last request: 6.344675 seconds.
  path: Assets/All Assest/Assest 2D/Prop/Dust
  artifactKey: Guid(51c7cbd65995fa84e9e5c93c6653facb) Importer(815301076,1909f56bfc062723c751e8b465ee728b)
Start importing Assets/All Assest/Assest 2D/Prop/Dust using Guid(51c7cbd65995fa84e9e5c93c6653facb) Importer(815301076,1909f56bfc062723c751e8b465ee728b)  -> (artifact id: 'ef074bb972a3eff71c91470f49078bec') in 0.000661 seconds
Number of updated asset objects reloaded before import = 0
Number of asset objects unloaded after import = 0
========================================================================
Received Import Request.
  Time since last request: 7.559776 seconds.
  path: Assets/All Assest/Assest 2D/Prop/Prop_AlarmClock.png
  artifactKey: Guid(1dcb1696eec0dd4488bad120eb1e948c) Importer(815301076,1909f56bfc062723c751e8b465ee728b)
Start importing Assets/All Assest/Assest 2D/Prop/Prop_AlarmClock.png using Guid(1dcb1696eec0dd4488bad120eb1e948c) Importer(815301076,1909f56bfc062723c751e8b465ee728b)  -> (artifact id: '4b2240421b81701734d2abde9d5241c5') in 0.121597 seconds
Number of updated asset objects reloaded before import = 0
Number of asset objects unloaded after import = 3
========================================================================
Received Import Request.
  Time since last request: 0.925349 seconds.
  path: Assets/All Assest/Assest 2D/Prop/key2.PNG
  artifactKey: Guid(71471f1386638444398011e531361fde) Importer(815301076,1909f56bfc062723c751e8b465ee728b)
Start importing Assets/All Assest/Assest 2D/Prop/key2.PNG using Guid(71471f1386638444398011e531361fde) Importer(815301076,1909f56bfc062723c751e8b465ee728b)  -> (artifact id: '43349ac9969c24e462c46c353fd2760c') in 0.035097 seconds
Number of updated asset objects reloaded before import = 0
Number of asset objects unloaded after import = 3
========================================================================
Received Import Request.
  Time since last request: 0.539343 seconds.
  path: Assets/All Assest/Assest 2D/Prop/key1.PNG
  artifactKey: Guid(4202e9830c2c69b47b6ed85cd4a4b064) Importer(815301076,1909f56bfc062723c751e8b465ee728b)
Start importing Assets/All Assest/Assest 2D/Prop/key1.PNG using Guid(4202e9830c2c69b47b6ed85cd4a4b064) Importer(815301076,1909f56bfc062723c751e8b465ee728b)  -> (artifact id: '0b53a7f09d63b05ae2ad401d12c565d9') in 0.027325 seconds
Number of updated asset objects reloaded before import = 0
Number of asset objects unloaded after import = 3
========================================================================
Received Import Request.
  Time since last request: 0.466382 seconds.
  path: Assets/All Assest/Assest 2D/Prop/Prop_Flashlight.png
  artifactKey: Guid(699c03f3f2ebdea488b15c55e33fd27c) Importer(815301076,1909f56bfc062723c751e8b465ee728b)
Start importing Assets/All Assest/Assest 2D/Prop/Prop_Flashlight.png using Guid(699c03f3f2ebdea488b15c55e33fd27c) Importer(815301076,1909f56bfc062723c751e8b465ee728b)  -> (artifact id: '7eeb15bab8014c42c6801b833ee629df') in 0.030888 seconds
Number of updated asset objects reloaded before import = 0
Number of asset objects unloaded after import = 3
========================================================================
Received Import Request.
  Time since last request: 1.242411 seconds.
  path: Assets/All Assest/Assest 2D/Prop/Prop_Plant_Vase_Violet.png
  artifactKey: Guid(8aeb499fbb4caa744923f2b79956aa7c) Importer(815301076,1909f56bfc062723c751e8b465ee728b)
Start importing Assets/All Assest/Assest 2D/Prop/Prop_Plant_Vase_Violet.png using Guid(8aeb499fbb4caa744923f2b79956aa7c) Importer(815301076,1909f56bfc062723c751e8b465ee728b)  -> (artifact id: 'dd3b1b8d9b493ad0b4722d2a239280d6') in 0.033569 seconds
Number of updated asset objects reloaded before import = 0
Number of asset objects unloaded after import = 3
========================================================================
Received Import Request.
  Time since last request: 8.606222 seconds.
  path: Assets/All Assest/Assest 2D/Prop/Prop_Plant_Wanhang.png
  artifactKey: Guid(8a8363e1fe850c04abe328c0d14f3d8f) Importer(815301076,1909f56bfc062723c751e8b465ee728b)
Start importing Assets/All Assest/Assest 2D/Prop/Prop_Plant_Wanhang.png using Guid(8a8363e1fe850c04abe328c0d14f3d8f) Importer(815301076,1909f56bfc062723c751e8b465ee728b)  -> (artifact id: '58f3e0937488b4a310c3cb552f004f23') in 0.059960 seconds
Number of updated asset objects reloaded before import = 0
Number of asset objects unloaded after import = 3
========================================================================
Received Import Request.
  Time since last request: 1.941058 seconds.
  path: Assets/All Assest/Assest 2D/Prop/Prop_Plant_Vase_Green.png
  artifactKey: Guid(a9346e6769168e54b8325577e522b492) Importer(815301076,1909f56bfc062723c751e8b465ee728b)
Start importing Assets/All Assest/Assest 2D/Prop/Prop_Plant_Vase_Green.png using Guid(a9346e6769168e54b8325577e522b492) Importer(815301076,1909f56bfc062723c751e8b465ee728b)  -> (artifact id: '31440b617f91a551247bcd6e9e1e1f6f') in 0.060236 seconds
Number of updated asset objects reloaded before import = 0
Number of asset objects unloaded after import = 3
========================================================================
Received Import Request.
  Time since last request: 2.494021 seconds.
  path: Assets/All Assest/Assest 2D/Prop/Prop_Plant_Vase_Blue.png
  artifactKey: Guid(a3d5ef2edfbd8274895bb9519e2908f7) Importer(815301076,1909f56bfc062723c751e8b465ee728b)
Start importing Assets/All Assest/Assest 2D/Prop/Prop_Plant_Vase_Blue.png using Guid(a3d5ef2edfbd8274895bb9519e2908f7) Importer(815301076,1909f56bfc062723c751e8b465ee728b)  -> (artifact id: '2b77e47a5dba4ac1f2523ecbee25983b') in 0.087182 seconds
Number of updated asset objects reloaded before import = 0
Number of asset objects unloaded after import = 3
========================================================================
Received Import Request.
  Time since last request: 0.460698 seconds.
  path: Assets/All Assest/Assest 2D/Prop/Prop_Plant_Vase.png
  artifactKey: Guid(a61c6008f85881f4f93a9090e7ee05be) Importer(815301076,1909f56bfc062723c751e8b465ee728b)
Start importing Assets/All Assest/Assest 2D/Prop/Prop_Plant_Vase.png using Guid(a61c6008f85881f4f93a9090e7ee05be) Importer(815301076,1909f56bfc062723c751e8b465ee728b)  -> (artifact id: '527839ef92a3c79e931db2ae9d33e7cb') in 0.028289 seconds
Number of updated asset objects reloaded before import = 0
Number of asset objects unloaded after import = 3
========================================================================
Received Prepare
Begin MonoManager ReloadAssembly
- Loaded All Assemblies, in  0.781 seconds
Refreshing native plugins compatible for Editor in 10.21 ms, found 5 plugins.
Native extension for WindowsStandalone target not found
[Package Manager] Server::EnsureServerProcessIsRunning -- launch failed, reason: Unity was launched with the -noUpm command-line argument
[Package Manager] UpmClient::Send -- Unable to send message (not connected to UPM process).
[Package Manager] Cannot connect to Unity Package Manager local server
Mono: successfully reloaded assembly
- Finished resetting the current domain, in  2.374 seconds
Domain Reload Profiling: 3147ms
	BeginReloadAssembly (228ms)
		ExecutionOrderSort (0ms)
		DisableScriptedObjects (14ms)
		BackupInstance (0ms)
		ReleaseScriptingObjects (0ms)
		CreateAndSetChildDomain (56ms)
	RebuildCommonClasses (56ms)
	RebuildNativeTypeToScriptingClass (15ms)
	initialDomainReloadingComplete (45ms)
	LoadAllAssembliesAndSetupDomain (429ms)
		LoadAssemblies (480ms)
		RebuildTransferFunctionScriptingTraits (0ms)
		AnalyzeDomain (52ms)
			TypeCache.Refresh (14ms)
				TypeCache.ScanAssembly (0ms)
			ScanForSourceGeneratedMonoScriptInfo (0ms)
			ResolveRequiredComponents (35ms)
	FinalizeReload (2375ms)
		ReleaseScriptCaches (0ms)
		RebuildScriptCaches (0ms)
		SetupLoadedEditorAssemblies (1176ms)
			LogAssemblyErrors (0ms)
			InitializePlatformSupportModulesInManaged (11ms)
			SetLoadedEditorAssemblies (10ms)
			RefreshPlugins (0ms)
			BeforeProcessingInitializeOnLoad (199ms)
			ProcessInitializeOnLoadAttributes (819ms)
			ProcessInitializeOnLoadMethodAttributes (122ms)
			AfterProcessingInitializeOnLoad (16ms)
			EditorAssembliesLoaded (0ms)
		ExecutionOrderSort2 (0ms)
		AwakeInstancesAfterBackupRestoration (39ms)
Refreshing native plugins compatible for Editor in 13.74 ms, found 5 plugins.
Preloading 0 native plugins for Editor in 0.00 ms.
Unloading 6742 Unused Serialized files (Serialized files now loaded: 0)
Unloading 68 unused Assets / (1.7 MB). Loaded Objects now: 7632.
Memory consumption went from 317.2 MB to 315.5 MB.
Total: 10.091500 ms (FindLiveObjects: 1.509600 ms CreateObjectMapping: 1.845200 ms MarkObjects: 5.961600 ms  DeleteObjects: 0.773600 ms)

Prepare: number of updated asset objects reloaded= 0
AssetImportParameters requested are different than current active one (requested -> active):
  custom:container-demuxer-ogg: 62fdf1f143b41e24485cea50d1cbac27 -> 
  custom:framework-win-MediaFoundation: 216162199b28c13a410421893ffa2e32 -> 
  custom:container-muxer-webm: aa71ff27fc2769a1b78a27578f13a17b -> 
  custom:video-decoder-webm-vp8: 9c59270c3fd7afecdb556c50c9e8de78 -> 
  custom:SearchIndexIgnoredProperties: e643bd26f0fe6173181afceb89e7c659 -> 
  custom:AudioImporter_EditorPlatform: d09bf68614088b80899f8185d706f6e7 -> 
  custom:audio-decoder-ogg-vorbis: bf7c407c2cedff20999df2af8eb42d56 -> 
  custom:audio-encoder-webm-vorbis: bf7c407c2cedff20999df2af8eb42d56 -> 
  custom:video-decoder-ogg-theora: a1e56fd34408186e4bbccfd4996cb3dc -> 
  custom:CustomObjectIndexerAttribute: 39606d92bcf39ac9cd6fca1116091104 -> 
  custom:container-demuxer-webm: 4f35f7cbe854078d1ac9338744f61a02 -> 
  custom:video-encoder-webm-vp8: eb34c28f22e8b96e1ab97ce403110664 -> 
========================================================================
Received Import Request.
  Time since last request: 206.036213 seconds.
  path: Assets/All Assest/Assest 2D/Prop/Prop_Plant.png
  artifactKey: Guid(757a7d07d1bc18443af2b644104088dc) Importer(815301076,1909f56bfc062723c751e8b465ee728b)
Start importing Assets/All Assest/Assest 2D/Prop/Prop_Plant.png using Guid(757a7d07d1bc18443af2b644104088dc) Importer(815301076,1909f56bfc062723c751e8b465ee728b)  -> (artifact id: '1cb89e4379d5b228c749160547471346') in 0.105408 seconds
Number of updated asset objects reloaded before import = 0
Number of asset objects unloaded after import = 3
========================================================================
Received Import Request.
  Time since last request: 2.467656 seconds.
  path: Assets/All Assest/Assest 2D/Prop/Cooking
  artifactKey: Guid(4493933bbde782c498fa414f031c3d13) Importer(815301076,1909f56bfc062723c751e8b465ee728b)
Start importing Assets/All Assest/Assest 2D/Prop/Cooking using Guid(4493933bbde782c498fa414f031c3d13) Importer(815301076,1909f56bfc062723c751e8b465ee728b)  -> (artifact id: '148bd2bb23942596ec1cd33f2b0294bb') in 0.000624 seconds
Number of updated asset objects reloaded before import = 0
Number of asset objects unloaded after import = 0
========================================================================
Received Import Request.
  Time since last request: 0.556170 seconds.
  path: Assets/All Assest/Assest 2D/Prop/ClothStick
  artifactKey: Guid(3eddd85f41b8fb94cb12033a8495189b) Importer(815301076,1909f56bfc062723c751e8b465ee728b)
Start importing Assets/All Assest/Assest 2D/Prop/ClothStick using Guid(3eddd85f41b8fb94cb12033a8495189b) Importer(815301076,1909f56bfc062723c751e8b465ee728b)  -> (artifact id: '0533ee122225c47e581b8ab13231975a') in 0.000734 seconds
Number of updated asset objects reloaded before import = 0
Number of asset objects unloaded after import = 0
========================================================================
Received Import Request.
  Time since last request: 2.716299 seconds.
  path: Assets/All Assest/Assest 2D/Prop/Healing
  artifactKey: Guid(f5d1d0f9f09a38a4dab4571dfa8dc351) Importer(815301076,1909f56bfc062723c751e8b465ee728b)
Start importing Assets/All Assest/Assest 2D/Prop/Healing using Guid(f5d1d0f9f09a38a4dab4571dfa8dc351) Importer(815301076,1909f56bfc062723c751e8b465ee728b)  -> (artifact id: '6ea4da71655601332612040aa3c8c55f') in 0.000851 seconds
Number of updated asset objects reloaded before import = 0
Number of asset objects unloaded after import = 0
========================================================================
Received Import Request.
  Time since last request: 3.943695 seconds.
  path: Assets/All Assest/Assest 2D/Prop/Bottles/Prop_Bottle_Salt.png
  artifactKey: Guid(836608815a198dc4fa228c00481b40c2) Importer(815301076,1909f56bfc062723c751e8b465ee728b)
Start importing Assets/All Assest/Assest 2D/Prop/Bottles/Prop_Bottle_Salt.png using Guid(836608815a198dc4fa228c00481b40c2) Importer(815301076,1909f56bfc062723c751e8b465ee728b)  -> (artifact id: '7f5fd2aa9f5d6823dd02c96dac384e86') in 0.070068 seconds
Number of updated asset objects reloaded before import = 0
Number of asset objects unloaded after import = 3
========================================================================
Received Import Request.
  Time since last request: 1.001652 seconds.
  path: Assets/All Assest/Assest 2D/Prop/Bottles/Prop_Bottle_Spice.png
  artifactKey: Guid(759bc654a36dfc043a606fd916fab932) Importer(815301076,1909f56bfc062723c751e8b465ee728b)
Start importing Assets/All Assest/Assest 2D/Prop/Bottles/Prop_Bottle_Spice.png using Guid(759bc654a36dfc043a606fd916fab932) Importer(815301076,1909f56bfc062723c751e8b465ee728b)  -> (artifact id: '44125c300196d6dce4ad473f259b4fe9') in 0.068276 seconds
Number of updated asset objects reloaded before import = 0
Number of asset objects unloaded after import = 3
========================================================================
Received Import Request.
  Time since last request: 0.727257 seconds.
  path: Assets/All Assest/Assest 2D/Prop/Bottles/Prop_Bottle_Pasta.png
  artifactKey: Guid(508d369d7b01f394396355e47f8f017d) Importer(815301076,1909f56bfc062723c751e8b465ee728b)
Start importing Assets/All Assest/Assest 2D/Prop/Bottles/Prop_Bottle_Pasta.png using Guid(508d369d7b01f394396355e47f8f017d) Importer(815301076,1909f56bfc062723c751e8b465ee728b)  -> (artifact id: '90698c76637c0e714a101ba9c4ab580a') in 0.061014 seconds
Number of updated asset objects reloaded before import = 0
Number of asset objects unloaded after import = 3
========================================================================
Received Import Request.
  Time since last request: 0.361552 seconds.
  path: Assets/All Assest/Assest 2D/Prop/Bottles/Prop_Bottle_Empty.png
  artifactKey: Guid(fd709b099a65df44e8b39ee703a78bf6) Importer(815301076,1909f56bfc062723c751e8b465ee728b)
Start importing Assets/All Assest/Assest 2D/Prop/Bottles/Prop_Bottle_Empty.png using Guid(fd709b099a65df44e8b39ee703a78bf6) Importer(815301076,1909f56bfc062723c751e8b465ee728b)  -> (artifact id: '05faf521c742ecdaef9ece1e13c860bf') in 0.027148 seconds
Number of updated asset objects reloaded before import = 0
Number of asset objects unloaded after import = 3
========================================================================
Received Import Request.
  Time since last request: 1.828719 seconds.
  path: Assets/All Assest/Assest 2D/Blood
  artifactKey: Guid(e205594b3d0a6a44e8edb9d19e4f5c73) Importer(815301076,1909f56bfc062723c751e8b465ee728b)
Start importing Assets/All Assest/Assest 2D/Blood using Guid(e205594b3d0a6a44e8edb9d19e4f5c73) Importer(815301076,1909f56bfc062723c751e8b465ee728b)  -> (artifact id: 'b33179ea1322d0466a39d91e3c0835c9') in 0.001267 seconds
Number of updated asset objects reloaded before import = 0
Number of asset objects unloaded after import = 0
========================================================================
Received Import Request.
  Time since last request: 11.912127 seconds.
  path: Assets/All Assest/Assest 2D/Prop/ClothPieces
  artifactKey: Guid(9396aa6b8ae8f9b448278bdd1cd5a03a) Importer(815301076,1909f56bfc062723c751e8b465ee728b)
Start importing Assets/All Assest/Assest 2D/Prop/ClothPieces using Guid(9396aa6b8ae8f9b448278bdd1cd5a03a) Importer(815301076,1909f56bfc062723c751e8b465ee728b)  -> (artifact id: '67481b781d4a19f51aa0278b8b3456c2') in 0.000708 seconds
Number of updated asset objects reloaded before import = 0
Number of asset objects unloaded after import = 0
========================================================================
Received Import Request.
  Time since last request: 1.027334 seconds.
  path: Assets/All Assest/Assest 2D/Prop/ClothPieces/Prop_DressPiece_Upper_Green.png
  artifactKey: Guid(0b539e32158f8174da6b0569b14e2027) Importer(815301076,1909f56bfc062723c751e8b465ee728b)
Start importing Assets/All Assest/Assest 2D/Prop/ClothPieces/Prop_DressPiece_Upper_Green.png using Guid(0b539e32158f8174da6b0569b14e2027) Importer(815301076,1909f56bfc062723c751e8b465ee728b)  -> (artifact id: '383a418ca559bc1288973d29163bde83') in 0.059718 seconds
Number of updated asset objects reloaded before import = 0
Number of asset objects unloaded after import = 3
========================================================================
Received Import Request.
  Time since last request: 0.650255 seconds.
  path: Assets/All Assest/Assest 2D/Prop/ClothPieces/Prop_DressPiece_Skirt_Green.png
  artifactKey: Guid(b363de4067e517e43928b304c52720dd) Importer(815301076,1909f56bfc062723c751e8b465ee728b)
Start importing Assets/All Assest/Assest 2D/Prop/ClothPieces/Prop_DressPiece_Skirt_Green.png using Guid(b363de4067e517e43928b304c52720dd) Importer(815301076,1909f56bfc062723c751e8b465ee728b)  -> (artifact id: 'e179a38408301cc9acdf67989ce05f9d') in 0.026406 seconds
Number of updated asset objects reloaded before import = 0
Number of asset objects unloaded after import = 3
========================================================================
Received Import Request.
  Time since last request: 0.350057 seconds.
  path: Assets/All Assest/Assest 2D/Prop/ClothPieces/Prop_RawPiece_DarkRed.png
  artifactKey: Guid(d166b196cd894ec43b2eaa94255871c1) Importer(815301076,1909f56bfc062723c751e8b465ee728b)
Start importing Assets/All Assest/Assest 2D/Prop/ClothPieces/Prop_RawPiece_DarkRed.png using Guid(d166b196cd894ec43b2eaa94255871c1) Importer(815301076,1909f56bfc062723c751e8b465ee728b)  -> (artifact id: 'afeaaf2541e3fd2137c18d11d987e5fd') in 0.027805 seconds
Number of updated asset objects reloaded before import = 0
Number of asset objects unloaded after import = 3
========================================================================
Received Import Request.
  Time since last request: 18.829403 seconds.
  path: Assets/All Assest/Assest 2D/Prop/Other
  artifactKey: Guid(823f8816d0f80e146b549d56a1788ca9) Importer(815301076,1909f56bfc062723c751e8b465ee728b)
Start importing Assets/All Assest/Assest 2D/Prop/Other using Guid(823f8816d0f80e146b549d56a1788ca9) Importer(815301076,1909f56bfc062723c751e8b465ee728b)  -> (artifact id: '81f0eef0e80c67d2ced3211890fb6147') in 0.002481 seconds
Number of updated asset objects reloaded before import = 0
Number of asset objects unloaded after import = 0
========================================================================
Received Import Request.
  Time since last request: 0.888690 seconds.
  path: Assets/All Assest/Assest 2D/Prop/Other/Prop_Other_Rag.png
  artifactKey: Guid(32ea0b1186021154aa3d1397001813db) Importer(815301076,1909f56bfc062723c751e8b465ee728b)
Start importing Assets/All Assest/Assest 2D/Prop/Other/Prop_Other_Rag.png using Guid(32ea0b1186021154aa3d1397001813db) Importer(815301076,1909f56bfc062723c751e8b465ee728b)  -> (artifact id: 'cccd1f74d0232ea2959343cafc8c808f') in 0.033470 seconds
Number of updated asset objects reloaded before import = 0
Number of asset objects unloaded after import = 3
========================================================================
Received Import Request.
  Time since last request: 0.715799 seconds.
  path: Assets/All Assest/Assest 2D/Prop/Other/Prop_Other_Note.png
  artifactKey: Guid(3fe652f6ba87c1c4e9ed34893a525499) Importer(815301076,1909f56bfc062723c751e8b465ee728b)
Start importing Assets/All Assest/Assest 2D/Prop/Other/Prop_Other_Note.png using Guid(3fe652f6ba87c1c4e9ed34893a525499) Importer(815301076,1909f56bfc062723c751e8b465ee728b)  -> (artifact id: '0b9f16cb8e6e23644c095b438db9cc14') in 0.032207 seconds
Number of updated asset objects reloaded before import = 0
Number of asset objects unloaded after import = 3
========================================================================
Received Import Request.
  Time since last request: 76.154228 seconds.
  path: Assets/All Assest/Assest 2D/Prop/Other/Prop_Other_Sock.png
  artifactKey: Guid(ea34f8a8d6cdde6449b4210cbddf5591) Importer(815301076,1909f56bfc062723c751e8b465ee728b)
Start importing Assets/All Assest/Assest 2D/Prop/Other/Prop_Other_Sock.png using Guid(ea34f8a8d6cdde6449b4210cbddf5591) Importer(815301076,1909f56bfc062723c751e8b465ee728b)  -> (artifact id: 'c75ba9ebd5f63200205c9b29032a1560') in 0.029927 seconds
Number of updated asset objects reloaded before import = 0
Number of asset objects unloaded after import = 3
========================================================================
Received Import Request.
  Time since last request: 165.971466 seconds.
  path: Assets/All Assest/Assest 2D/Prop/Other/Prop_Other_Web.png
  artifactKey: Guid(bfd00ec104f7db04db73cea7d05da3df) Importer(815301076,1909f56bfc062723c751e8b465ee728b)
Start importing Assets/All Assest/Assest 2D/Prop/Other/Prop_Other_Web.png using Guid(bfd00ec104f7db04db73cea7d05da3df) Importer(815301076,1909f56bfc062723c751e8b465ee728b)  -> (artifact id: '31374b34431b70a149de9e99de128f4b') in 0.029872 seconds
Number of updated asset objects reloaded before import = 0
Number of asset objects unloaded after import = 3
========================================================================
Received Import Request.
  Time since last request: 0.388968 seconds.
  path: Assets/All Assest/Assest 2D/Prop/Other/Prop_Other_Trash2.png
  artifactKey: Guid(755df413e0125d54084155d805ca3611) Importer(815301076,1909f56bfc062723c751e8b465ee728b)
Start importing Assets/All Assest/Assest 2D/Prop/Other/Prop_Other_Trash2.png using Guid(755df413e0125d54084155d805ca3611) Importer(815301076,1909f56bfc062723c751e8b465ee728b)  -> (artifact id: 'aa6ed1488d0b535a0958ed169c0d1392') in 0.032240 seconds
Number of updated asset objects reloaded before import = 0
Number of asset objects unloaded after import = 3
========================================================================
Received Import Request.
  Time since last request: 1.600468 seconds.
  path: Assets/All Assest/Assest 2D/Prop/Other/SpiderWebFix.png
  artifactKey: Guid(46b545e84cdcbc44d898df2f61f25d5e) Importer(815301076,1909f56bfc062723c751e8b465ee728b)
Start importing Assets/All Assest/Assest 2D/Prop/Other/SpiderWebFix.png using Guid(46b545e84cdcbc44d898df2f61f25d5e) Importer(815301076,1909f56bfc062723c751e8b465ee728b)  -> (artifact id: 'e60c4886b01e126e7091cfeb0d558e2d') in 0.029561 seconds
Number of updated asset objects reloaded before import = 0
Number of asset objects unloaded after import = 3
========================================================================
Received Import Request.
  Time since last request: 2.131356 seconds.
  path: Assets/All Assest/Assest 2D/Prop/Other/WallCrack01 1.png
  artifactKey: Guid(d50c1001d1fb8584ea891628632df584) Importer(815301076,1909f56bfc062723c751e8b465ee728b)
Start importing Assets/All Assest/Assest 2D/Prop/Other/WallCrack01 1.png using Guid(d50c1001d1fb8584ea891628632df584) Importer(815301076,1909f56bfc062723c751e8b465ee728b)  -> (artifact id: '5238f8894969f00a9fcd163359401782') in 0.032458 seconds
Number of updated asset objects reloaded before import = 0
Number of asset objects unloaded after import = 3
========================================================================
Received Import Request.
  Time since last request: 1.120956 seconds.
  path: Assets/All Assest/Assest 2D/Prop/Other/WallCrack02.png
  artifactKey: Guid(c042d3c3674e25a4c883d45699ab610b) Importer(815301076,1909f56bfc062723c751e8b465ee728b)
Start importing Assets/All Assest/Assest 2D/Prop/Other/WallCrack02.png using Guid(c042d3c3674e25a4c883d45699ab610b) Importer(815301076,1909f56bfc062723c751e8b465ee728b)  -> (artifact id: 'cc9a5a071661f2448665fee9a2dadc6a') in 0.054059 seconds
Number of updated asset objects reloaded before import = 0
Number of asset objects unloaded after import = 3
========================================================================
Received Import Request.
  Time since last request: 1.019961 seconds.
  path: Assets/All Assest/Assest 2D/Prop/Other/Prop_Other_SmallChair45.png
  artifactKey: Guid(c6077cbdc8b74514086448473ee76834) Importer(815301076,1909f56bfc062723c751e8b465ee728b)
Start importing Assets/All Assest/Assest 2D/Prop/Other/Prop_Other_SmallChair45.png using Guid(c6077cbdc8b74514086448473ee76834) Importer(815301076,1909f56bfc062723c751e8b465ee728b)  -> (artifact id: '0d3c543ef6ab7e9b9436061dc0a70539') in 0.064971 seconds
Number of updated asset objects reloaded before import = 0
Number of asset objects unloaded after import = 3
========================================================================
Received Import Request.
  Time since last request: 2.585945 seconds.
  path: Assets/All Assest/Assest 2D/Prop/Other/Prop_Other_Deer2.png
  artifactKey: Guid(89c274766131d824d8befa66c57df09e) Importer(815301076,1909f56bfc062723c751e8b465ee728b)
Start importing Assets/All Assest/Assest 2D/Prop/Other/Prop_Other_Deer2.png using Guid(89c274766131d824d8befa66c57df09e) Importer(815301076,1909f56bfc062723c751e8b465ee728b)  -> (artifact id: 'f5d042ae84024ef29e830599f33dff17') in 0.032410 seconds
Number of updated asset objects reloaded before import = 0
Number of asset objects unloaded after import = 3
========================================================================
Received Import Request.
  Time since last request: 1.247712 seconds.
  path: Assets/All Assest/Assest 2D/Prop/Other/Prop_Other_Deer1.png
  artifactKey: Guid(cdfdbd419d508ef48970947fe621f367) Importer(815301076,1909f56bfc062723c751e8b465ee728b)
Start importing Assets/All Assest/Assest 2D/Prop/Other/Prop_Other_Deer1.png using Guid(cdfdbd419d508ef48970947fe621f367) Importer(815301076,1909f56bfc062723c751e8b465ee728b)  -> (artifact id: 'c387cd6afe748bbdc691b96cbd10bc33') in 0.062376 seconds
Number of updated asset objects reloaded before import = 0
Number of asset objects unloaded after import = 3
========================================================================
Received Import Request.
  Time since last request: 0.655841 seconds.
  path: Assets/All Assest/Assest 2D/Prop/Other/Prop_Other_Cap.png
  artifactKey: Guid(2886af3f32afde84e8352e5b78c455d1) Importer(815301076,1909f56bfc062723c751e8b465ee728b)
Start importing Assets/All Assest/Assest 2D/Prop/Other/Prop_Other_Cap.png using Guid(2886af3f32afde84e8352e5b78c455d1) Importer(815301076,1909f56bfc062723c751e8b465ee728b)  -> (artifact id: '555b804ef0aaa3ca653e4e5d74e0d640') in 0.038068 seconds
Number of updated asset objects reloaded before import = 0
Number of asset objects unloaded after import = 3
========================================================================
Received Import Request.
  Time since last request: 1.196057 seconds.
  path: Assets/All Assest/Assest 2D/Prop/Other/MossFix.png
  artifactKey: Guid(a50f18543082bcb46aaf0e861d5f22e3) Importer(815301076,1909f56bfc062723c751e8b465ee728b)
Start importing Assets/All Assest/Assest 2D/Prop/Other/MossFix.png using Guid(a50f18543082bcb46aaf0e861d5f22e3) Importer(815301076,1909f56bfc062723c751e8b465ee728b)  -> (artifact id: 'c2c2974d3ab0b3794ccf39203c5fcc5f') in 0.029235 seconds
Number of updated asset objects reloaded before import = 0
Number of asset objects unloaded after import = 3
========================================================================
Received Import Request.
  Time since last request: 1.024776 seconds.
  path: Assets/All Assest/Assest 2D/Prop/Other/Materials
  artifactKey: Guid(0c87757491d68b0499bd9172121f4161) Importer(815301076,1909f56bfc062723c751e8b465ee728b)
Start importing Assets/All Assest/Assest 2D/Prop/Other/Materials using Guid(0c87757491d68b0499bd9172121f4161) Importer(815301076,1909f56bfc062723c751e8b465ee728b)  -> (artifact id: '759e570de79c53bc252288105eb53c61') in 0.001656 seconds
Number of updated asset objects reloaded before import = 0
Number of asset objects unloaded after import = 0
========================================================================
Received Import Request.
  Time since last request: 5.177033 seconds.
  path: Assets/All Assest/Assest 2D/Prop/Pot
  artifactKey: Guid(8ce5ec0b8bb5368408a5143f1faf0d7d) Importer(815301076,1909f56bfc062723c751e8b465ee728b)
Start importing Assets/All Assest/Assest 2D/Prop/Pot using Guid(8ce5ec0b8bb5368408a5143f1faf0d7d) Importer(815301076,1909f56bfc062723c751e8b465ee728b)  -> (artifact id: '671db8f8d54987ac4d7f961009b5ebe7') in 0.001865 seconds
Number of updated asset objects reloaded before import = 0
Number of asset objects unloaded after import = 0
========================================================================
Received Import Request.
  Time since last request: 0.939072 seconds.
  path: Assets/All Assest/Assest 2D/Prop/Pot/Prop_pot_Pink.png
  artifactKey: Guid(0aabf73282c97f64f99d4d0a8788dce1) Importer(815301076,1909f56bfc062723c751e8b465ee728b)
Start importing Assets/All Assest/Assest 2D/Prop/Pot/Prop_pot_Pink.png using Guid(0aabf73282c97f64f99d4d0a8788dce1) Importer(815301076,1909f56bfc062723c751e8b465ee728b)  -> (artifact id: '978c8204a991c2736361e59317e81196') in 0.076316 seconds
Number of updated asset objects reloaded before import = 0
Number of asset objects unloaded after import = 3
========================================================================
Received Import Request.
  Time since last request: 2.914960 seconds.
  path: Assets/All Assest/Assest 2D/Prop/Pot/Prop_pot_Green.png
  artifactKey: Guid(f96dd913ee3870149a318d24c412f93c) Importer(815301076,1909f56bfc062723c751e8b465ee728b)
Start importing Assets/All Assest/Assest 2D/Prop/Pot/Prop_pot_Green.png using Guid(f96dd913ee3870149a318d24c412f93c) Importer(815301076,1909f56bfc062723c751e8b465ee728b)  -> (artifact id: 'd6e45d34bacedef0812c63d552edf620') in 0.045934 seconds
Number of updated asset objects reloaded before import = 0
Number of asset objects unloaded after import = 3
========================================================================
Received Import Request.
  Time since last request: 0.429444 seconds.
  path: Assets/All Assest/Assest 2D/Prop/Pot/Prop_pot_DarkGreen.png
  artifactKey: Guid(64fc0e6e9fbff59438c19c4ab381b072) Importer(815301076,1909f56bfc062723c751e8b465ee728b)
Start importing Assets/All Assest/Assest 2D/Prop/Pot/Prop_pot_DarkGreen.png using Guid(64fc0e6e9fbff59438c19c4ab381b072) Importer(815301076,1909f56bfc062723c751e8b465ee728b)  -> (artifact id: '22629ceaa347528aa6ad071cca12db96') in 0.035304 seconds
Number of updated asset objects reloaded before import = 0
Number of asset objects unloaded after import = 3
========================================================================
Received Import Request.
  Time since last request: 4.455062 seconds.
  path: Assets/All Assest/Assest 2D/Prop/Electrics
  artifactKey: Guid(709a15672ebeef84ab923ee9f9d78558) Importer(815301076,1909f56bfc062723c751e8b465ee728b)
Start importing Assets/All Assest/Assest 2D/Prop/Electrics using Guid(709a15672ebeef84ab923ee9f9d78558) Importer(815301076,1909f56bfc062723c751e8b465ee728b)  -> (artifact id: '61e3b8db50bf44fe160aaee7e7529b17') in 0.000990 seconds
Number of updated asset objects reloaded before import = 0
Number of asset objects unloaded after import = 0
========================================================================
Received Import Request.
  Time since last request: 1.032304 seconds.
  path: Assets/All Assest/Assest 2D/Prop/Electrics/Prop_Electrics_tv.png
  artifactKey: Guid(541a08d5b1702da49b7618d7e1313056) Importer(815301076,1909f56bfc062723c751e8b465ee728b)
Start importing Assets/All Assest/Assest 2D/Prop/Electrics/Prop_Electrics_tv.png using Guid(541a08d5b1702da49b7618d7e1313056) Importer(815301076,1909f56bfc062723c751e8b465ee728b)  -> (artifact id: 'c05cd64b02690fd0a833e5c2e9d74501') in 0.029420 seconds
Number of updated asset objects reloaded before import = 0
Number of asset objects unloaded after import = 3
========================================================================
Received Import Request.
  Time since last request: 0.537217 seconds.
  path: Assets/All Assest/Assest 2D/Prop/Electrics/Prop_Breaker_Red.png
  artifactKey: Guid(5379075a69e52a54a8a8371ce6cfe55d) Importer(815301076,1909f56bfc062723c751e8b465ee728b)
Start importing Assets/All Assest/Assest 2D/Prop/Electrics/Prop_Breaker_Red.png using Guid(5379075a69e52a54a8a8371ce6cfe55d) Importer(815301076,1909f56bfc062723c751e8b465ee728b)  -> (artifact id: '750d18cd7d251902c236b32b34bc8e3d') in 0.029576 seconds
Number of updated asset objects reloaded before import = 0
Number of asset objects unloaded after import = 3
========================================================================
Received Import Request.
  Time since last request: 16.335339 seconds.
  path: Assets/All Assest/Assest 2D/Prop/Boxes
  artifactKey: Guid(e05fbcd1fc22c0441b499eae464a574a) Importer(815301076,1909f56bfc062723c751e8b465ee728b)
Start importing Assets/All Assest/Assest 2D/Prop/Boxes using Guid(e05fbcd1fc22c0441b499eae464a574a) Importer(815301076,1909f56bfc062723c751e8b465ee728b)  -> (artifact id: '92c60a8f1145151b5e4709de60b16681') in 0.001727 seconds
Number of updated asset objects reloaded before import = 0
Number of asset objects unloaded after import = 0
========================================================================
Received Import Request.
  Time since last request: 0.820617 seconds.
  path: Assets/All Assest/Assest 2D/Prop/Boxes/Prop_Boxes_StorageRoom.png
  artifactKey: Guid(a94f62547f57c0f40b4db2b8fb63e409) Importer(815301076,1909f56bfc062723c751e8b465ee728b)
Start importing Assets/All Assest/Assest 2D/Prop/Boxes/Prop_Boxes_StorageRoom.png using Guid(a94f62547f57c0f40b4db2b8fb63e409) Importer(815301076,1909f56bfc062723c751e8b465ee728b)  -> (artifact id: '9a93686ff559fcc8cd338ba1ac16e512') in 0.035430 seconds
Number of updated asset objects reloaded before import = 0
Number of asset objects unloaded after import = 3
========================================================================
Received Import Request.
  Time since last request: 0.619055 seconds.
  path: Assets/All Assest/Assest 2D/Prop/Boxes/Prop_Boxes_DollRoom.png
  artifactKey: Guid(2029fb19d26718d4895658736f19ae1c) Importer(815301076,1909f56bfc062723c751e8b465ee728b)
Start importing Assets/All Assest/Assest 2D/Prop/Boxes/Prop_Boxes_DollRoom.png using Guid(2029fb19d26718d4895658736f19ae1c) Importer(815301076,1909f56bfc062723c751e8b465ee728b)  -> (artifact id: '6cbf619c291463a85ca7345db3a539fd') in 0.029981 seconds
Number of updated asset objects reloaded before import = 0
Number of asset objects unloaded after import = 3
========================================================================
Received Import Request.
  Time since last request: 1.531258 seconds.
  path: Assets/All Assest/Assest 2D/Prop/Boxes/Prop_Boxes_Cardboard.png
  artifactKey: Guid(fd5ec1ac9ca7f584ea335bd7ecd97107) Importer(815301076,1909f56bfc062723c751e8b465ee728b)
Start importing Assets/All Assest/Assest 2D/Prop/Boxes/Prop_Boxes_Cardboard.png using Guid(fd5ec1ac9ca7f584ea335bd7ecd97107) Importer(815301076,1909f56bfc062723c751e8b465ee728b)  -> (artifact id: '3a9ed3c25834014b6aa850de2ef11951') in 0.064917 seconds
Number of updated asset objects reloaded before import = 0
Number of asset objects unloaded after import = 3
========================================================================
Received Import Request.
  Time since last request: 9.549707 seconds.
  path: Assets/All Assest/Assest 2D/Prop/Garden/Prop_Tree1_ALT.png
  artifactKey: Guid(3a6fc94efbd48d84eb927b8a89b6060c) Importer(815301076,1909f56bfc062723c751e8b465ee728b)
Start importing Assets/All Assest/Assest 2D/Prop/Garden/Prop_Tree1_ALT.png using Guid(3a6fc94efbd48d84eb927b8a89b6060c) Importer(815301076,1909f56bfc062723c751e8b465ee728b)  -> (artifact id: 'ea1b9f655cac7ac96e4b14b003d98786') in 0.063247 seconds
Number of updated asset objects reloaded before import = 0
Number of asset objects unloaded after import = 3
========================================================================
Received Import Request.
  Time since last request: 8.852170 seconds.
  path: Assets/All Assest/Assest 2D/Prop/Trims
  artifactKey: Guid(e9050d4456dcde54ba2daf6bb294444f) Importer(815301076,1909f56bfc062723c751e8b465ee728b)
Start importing Assets/All Assest/Assest 2D/Prop/Trims using Guid(e9050d4456dcde54ba2daf6bb294444f) Importer(815301076,1909f56bfc062723c751e8b465ee728b)  -> (artifact id: 'b5c141fd6c743f60e77024f928916cf0') in 0.000950 seconds
Number of updated asset objects reloaded before import = 0
Number of asset objects unloaded after import = 0
========================================================================
Received Import Request.
  Time since last request: 0.716464 seconds.
  path: Assets/All Assest/Assest 2D/Prop/Trims/Prop_Trims_Pink.png
  artifactKey: Guid(5fab209e74731d54280e24d2eefae8d8) Importer(815301076,1909f56bfc062723c751e8b465ee728b)
Start importing Assets/All Assest/Assest 2D/Prop/Trims/Prop_Trims_Pink.png using Guid(5fab209e74731d54280e24d2eefae8d8) Importer(815301076,1909f56bfc062723c751e8b465ee728b)  -> (artifact id: '540dbeb82dbb2e646c5ad48f3ba14b5d') in 0.031904 seconds
Number of updated asset objects reloaded before import = 0
Number of asset objects unloaded after import = 3
========================================================================
Received Import Request.
  Time since last request: 1.644326 seconds.
  path: Assets/All Assest/Assest 2D/Prop/Trims/Prop_Trims_Cyan.png
  artifactKey: Guid(498c2ae4337433f49b699da1dbbb8b95) Importer(815301076,1909f56bfc062723c751e8b465ee728b)
Start importing Assets/All Assest/Assest 2D/Prop/Trims/Prop_Trims_Cyan.png using Guid(498c2ae4337433f49b699da1dbbb8b95) Importer(815301076,1909f56bfc062723c751e8b465ee728b)  -> (artifact id: '024f8e87039e81440bd84b0b4f8d5745') in 0.055053 seconds
Number of updated asset objects reloaded before import = 0
Number of asset objects unloaded after import = 3
========================================================================
Received Import Request.
  Time since last request: 4.086778 seconds.
  path: Assets/All Assest/Assest 2D/Prop/Prop_Plant_Cabbage.png
  artifactKey: Guid(eef03aa04c18b3448908cedb11c5e28d) Importer(815301076,1909f56bfc062723c751e8b465ee728b)
Start importing Assets/All Assest/Assest 2D/Prop/Prop_Plant_Cabbage.png using Guid(eef03aa04c18b3448908cedb11c5e28d) Importer(815301076,1909f56bfc062723c751e8b465ee728b)  -> (artifact id: '3e52cd668782090624ba8f181308ebab') in 0.032155 seconds
Number of updated asset objects reloaded before import = 0
Number of asset objects unloaded after import = 3
========================================================================
Received Import Request.
  Time since last request: 0.454067 seconds.
  path: Assets/All Assest/Assest 2D/Prop/Prop_Plant_Pink.png
  artifactKey: Guid(c317893f106b73e489052656c7a18337) Importer(815301076,1909f56bfc062723c751e8b465ee728b)
Start importing Assets/All Assest/Assest 2D/Prop/Prop_Plant_Pink.png using Guid(c317893f106b73e489052656c7a18337) Importer(815301076,1909f56bfc062723c751e8b465ee728b)  -> (artifact id: '60b7159895341a68f3ddc59db9bf4ced') in 0.059542 seconds
Number of updated asset objects reloaded before import = 0
Number of asset objects unloaded after import = 3
========================================================================
Received Import Request.
  Time since last request: 2.324431 seconds.
  path: Assets/All Assest/Assest 2D/Prop/vase02.png
  artifactKey: Guid(07bd577188ea00e448e7700ffc76613b) Importer(815301076,1909f56bfc062723c751e8b465ee728b)
Start importing Assets/All Assest/Assest 2D/Prop/vase02.png using Guid(07bd577188ea00e448e7700ffc76613b) Importer(815301076,1909f56bfc062723c751e8b465ee728b)  -> (artifact id: 'f1d7539f440c107446beec32e693179e') in 0.028820 seconds
Number of updated asset objects reloaded before import = 0
Number of asset objects unloaded after import = 3
========================================================================
Received Import Request.
  Time since last request: 1.082144 seconds.
  path: Assets/All Assest/Assest 2D/Prop/SewingTable_SideView.png
  artifactKey: Guid(0f1d684256111394b96ece14b9ee3aa1) Importer(815301076,1909f56bfc062723c751e8b465ee728b)
Start importing Assets/All Assest/Assest 2D/Prop/SewingTable_SideView.png using Guid(0f1d684256111394b96ece14b9ee3aa1) Importer(815301076,1909f56bfc062723c751e8b465ee728b)  -> (artifact id: 'e4157ba46bb1f475052888d444eeb18e') in 0.025656 seconds
Number of updated asset objects reloaded before import = 0
Number of asset objects unloaded after import = 3
========================================================================
Received Import Request.
  Time since last request: 14.144668 seconds.
  path: Assets/All Assest/Assest 2D/Prop/Prop_Needle 1.png
  artifactKey: Guid(4be6255f305f86a45b4bdbf69cf7f381) Importer(815301076,1909f56bfc062723c751e8b465ee728b)
Start importing Assets/All Assest/Assest 2D/Prop/Prop_Needle 1.png using Guid(4be6255f305f86a45b4bdbf69cf7f381) Importer(815301076,1909f56bfc062723c751e8b465ee728b)  -> (artifact id: '734db7efbfd9063e9b9be90cfddf9c44') in 0.027307 seconds
Number of updated asset objects reloaded before import = 0
Number of asset objects unloaded after import = 3
========================================================================
Received Import Request.
  Time since last request: 2.065907 seconds.
  path: Assets/All Assest/Assest 2D/Prop/Prop_Needle.png
  artifactKey: Guid(881d40754804a904f882614c5452f49b) Importer(815301076,1909f56bfc062723c751e8b465ee728b)
Start importing Assets/All Assest/Assest 2D/Prop/Prop_Needle.png using Guid(881d40754804a904f882614c5452f49b) Importer(815301076,1909f56bfc062723c751e8b465ee728b)  -> (artifact id: 'f5bb639000cecd392f0aadfcf55b6d30') in 0.055824 seconds
Number of updated asset objects reloaded before import = 0
Number of asset objects unloaded after import = 3
========================================================================
Received Import Request.
  Time since last request: 0.956990 seconds.
  path: Assets/All Assest/Assest 2D/Prop/Prop_Flashlight.prefab
  artifactKey: Guid(f6f5b1a79c7846b41b02c66825e8e17f) Importer(815301076,1909f56bfc062723c751e8b465ee728b)
Start importing Assets/All Assest/Assest 2D/Prop/Prop_Flashlight.prefab using Guid(f6f5b1a79c7846b41b02c66825e8e17f) Importer(815301076,1909f56bfc062723c751e8b465ee728b)  -> (artifact id: '23dfa2334133c95650cb7d102d602e74') in 0.270270 seconds
Number of updated asset objects reloaded before import = 0
Number of asset objects unloaded after import = 32
========================================================================
Received Import Request.
  Time since last request: 3.607896 seconds.
  path: Assets/All Assest/Assest 2D/Prop/JesusStatue.png
  artifactKey: Guid(b7716aba7d9378045b8b6d6bb3d1a066) Importer(815301076,1909f56bfc062723c751e8b465ee728b)
Start importing Assets/All Assest/Assest 2D/Prop/JesusStatue.png using Guid(b7716aba7d9378045b8b6d6bb3d1a066) Importer(815301076,1909f56bfc062723c751e8b465ee728b)  -> (artifact id: '57beb5f5dabaccce2ae90bdddc2eceff') in 0.029167 seconds
Number of updated asset objects reloaded before import = 0
Number of asset objects unloaded after import = 3
========================================================================
Received Import Request.
  Time since last request: 2.674881 seconds.
  path: Assets/All Assest/Assest 2D/Prop/cloth.png
  artifactKey: Guid(0e397011a9ccd214596efe1c3d408e9b) Importer(815301076,1909f56bfc062723c751e8b465ee728b)
Start importing Assets/All Assest/Assest 2D/Prop/cloth.png using Guid(0e397011a9ccd214596efe1c3d408e9b) Importer(815301076,1909f56bfc062723c751e8b465ee728b)  -> (artifact id: '6cb358910b86082d6046dcf8e3d61d4a') in 0.066309 seconds
Number of updated asset objects reloaded before import = 0
Number of asset objects unloaded after import = 3
========================================================================
Received Import Request.
  Time since last request: 64.342630 seconds.
  path: Assets/All Assest/Assest 2D/Prop/Basket_SideView.png
  artifactKey: Guid(cfe25ee9d8eb5ac43abf6d37361f0bfe) Importer(815301076,1909f56bfc062723c751e8b465ee728b)
Start importing Assets/All Assest/Assest 2D/Prop/Basket_SideView.png using Guid(cfe25ee9d8eb5ac43abf6d37361f0bfe) Importer(815301076,1909f56bfc062723c751e8b465ee728b)  -> (artifact id: '2fdd57a1d3c21c586b401b898aeab1f9') in 0.027965 seconds
Number of updated asset objects reloaded before import = 0
Number of asset objects unloaded after import = 3
========================================================================
Received Import Request.
  Time since last request: 0.403161 seconds.
  path: Assets/All Assest/Assest 2D/Prop/Ver2Doll
  artifactKey: Guid(784356376ac82444cb35b09e69d3d54f) Importer(815301076,1909f56bfc062723c751e8b465ee728b)
Start importing Assets/All Assest/Assest 2D/Prop/Ver2Doll using Guid(784356376ac82444cb35b09e69d3d54f) Importer(815301076,1909f56bfc062723c751e8b465ee728b)  -> (artifact id: 'd2846cda240de4cb34a310aa2fc908e5') in 0.001326 seconds
Number of updated asset objects reloaded before import = 0
Number of asset objects unloaded after import = 0
========================================================================
Received Import Request.
  Time since last request: 2.127145 seconds.
  path: Assets/All Assest/Assest 2D/Prop/Thread
  artifactKey: Guid(7275815cf760bea4fb8fc7918c1c851f) Importer(815301076,1909f56bfc062723c751e8b465ee728b)
Start importing Assets/All Assest/Assest 2D/Prop/Thread using Guid(7275815cf760bea4fb8fc7918c1c851f) Importer(815301076,1909f56bfc062723c751e8b465ee728b)  -> (artifact id: '14cc99425f403f0073d810508ca01f88') in 0.000896 seconds
Number of updated asset objects reloaded before import = 0
Number of asset objects unloaded after import = 0
========================================================================
Received Import Request.
  Time since last request: 3.012149 seconds.
  path: Assets/All Assest/Assest 2D/Prop/Thread/Prop_Thread45_yellow.png
  artifactKey: Guid(8aea75e69a69c744cbed0ed716c3792d) Importer(815301076,1909f56bfc062723c751e8b465ee728b)
Start importing Assets/All Assest/Assest 2D/Prop/Thread/Prop_Thread45_yellow.png using Guid(8aea75e69a69c744cbed0ed716c3792d) Importer(815301076,1909f56bfc062723c751e8b465ee728b)  -> (artifact id: 'd8120d6951244505e96800a34230b02a') in 0.030164 seconds
Number of updated asset objects reloaded before import = 0
Number of asset objects unloaded after import = 3
========================================================================
Received Import Request.
  Time since last request: 0.484133 seconds.
  path: Assets/All Assest/Assest 2D/Prop/Thread/Prop_ThreadSide_Cyan.png
  artifactKey: Guid(c74811b5b4ca0854ab7ebff195f5cbb5) Importer(815301076,1909f56bfc062723c751e8b465ee728b)
Start importing Assets/All Assest/Assest 2D/Prop/Thread/Prop_ThreadSide_Cyan.png using Guid(c74811b5b4ca0854ab7ebff195f5cbb5) Importer(815301076,1909f56bfc062723c751e8b465ee728b)  -> (artifact id: '8574e0e14ddce9b6c3cdf903af45e577') in 0.031004 seconds
Number of updated asset objects reloaded before import = 0
Number of asset objects unloaded after import = 3
========================================================================
Received Import Request.
  Time since last request: 7.410051 seconds.
  path: Assets/All Assest/Assest 2D/Prop/Thread/Prop_ThreadSide_Black.png
  artifactKey: Guid(b8e57dbfd91fce143a2627eaed9e2f32) Importer(815301076,1909f56bfc062723c751e8b465ee728b)
Start importing Assets/All Assest/Assest 2D/Prop/Thread/Prop_ThreadSide_Black.png using Guid(b8e57dbfd91fce143a2627eaed9e2f32) Importer(815301076,1909f56bfc062723c751e8b465ee728b)  -> (artifact id: '38b5252d3968c73a013fa865b5379c0e') in 0.064182 seconds
Number of updated asset objects reloaded before import = 0
Number of asset objects unloaded after import = 3
========================================================================
Received Import Request.
  Time since last request: 0.923274 seconds.
  path: Assets/All Assest/Assest 2D/Prop/Thread/Prop_Thread45_Purple.png
  artifactKey: Guid(383905f97331cd540bf8f001742d8ddc) Importer(815301076,1909f56bfc062723c751e8b465ee728b)
Start importing Assets/All Assest/Assest 2D/Prop/Thread/Prop_Thread45_Purple.png using Guid(383905f97331cd540bf8f001742d8ddc) Importer(815301076,1909f56bfc062723c751e8b465ee728b)  -> (artifact id: 'e5d266fa6c34443e50aee5b5d2a7cdff') in 0.062316 seconds
Number of updated asset objects reloaded before import = 0
Number of asset objects unloaded after import = 3
========================================================================
Received Import Request.
  Time since last request: 1.000484 seconds.
  path: Assets/All Assest/Assest 2D/Prop/Thread/Prop_Thread45_Pink.png
  artifactKey: Guid(a656e94622c7396468973f1ad064d820) Importer(815301076,1909f56bfc062723c751e8b465ee728b)
Start importing Assets/All Assest/Assest 2D/Prop/Thread/Prop_Thread45_Pink.png using Guid(a656e94622c7396468973f1ad064d820) Importer(815301076,1909f56bfc062723c751e8b465ee728b)  -> (artifact id: '0a01acc93df2675ca9cc73c1e991d4f0') in 0.054314 seconds
Number of updated asset objects reloaded before import = 0
Number of asset objects unloaded after import = 3
========================================================================
Received Import Request.
  Time since last request: 2.444437 seconds.
  path: Assets/All Assest/Assest 2D/Prop/Thread/Prop_Thread45_Cyan.png
  artifactKey: Guid(549208cba7dd78e46943f7b75a119429) Importer(815301076,1909f56bfc062723c751e8b465ee728b)
Start importing Assets/All Assest/Assest 2D/Prop/Thread/Prop_Thread45_Cyan.png using Guid(549208cba7dd78e46943f7b75a119429) Importer(815301076,1909f56bfc062723c751e8b465ee728b)  -> (artifact id: 'a9cc0d9d62017668d91cfe3f446769a2') in 0.064030 seconds
Number of updated asset objects reloaded before import = 0
Number of asset objects unloaded after import = 3
========================================================================
Received Import Request.
  Time since last request: 158.710487 seconds.
  path: Assets/All Assest/Assest 2D/Prop/NeedlePillow
  artifactKey: Guid(67f906ed2505e5b4d9323e111d60580d) Importer(815301076,1909f56bfc062723c751e8b465ee728b)
Start importing Assets/All Assest/Assest 2D/Prop/NeedlePillow using Guid(67f906ed2505e5b4d9323e111d60580d) Importer(815301076,1909f56bfc062723c751e8b465ee728b)  -> (artifact id: 'bcbd9e53f6e5f2c41b77db21fa2d784f') in 0.001388 seconds
Number of updated asset objects reloaded before import = 0
Number of asset objects unloaded after import = 0
========================================================================
Received Import Request.
  Time since last request: 2.145693 seconds.
  path: Assets/All Assest/Assest 2D/Prop/NeedlePillow/Prop_NeedlePillowSideWithNeedle_Cyan.png
  artifactKey: Guid(7c1c72d1465d92a4c8c834a15e959c66) Importer(815301076,1909f56bfc062723c751e8b465ee728b)
Start importing Assets/All Assest/Assest 2D/Prop/NeedlePillow/Prop_NeedlePillowSideWithNeedle_Cyan.png using Guid(7c1c72d1465d92a4c8c834a15e959c66) Importer(815301076,1909f56bfc062723c751e8b465ee728b)  -> (artifact id: '55a1f15874a3caaac32f2b7489839011') in 0.036258 seconds
Number of updated asset objects reloaded before import = 0
Number of asset objects unloaded after import = 3
========================================================================
Received Import Request.
  Time since last request: 3.649319 seconds.
  path: Assets/All Assest/Assest 2D/Prop/NeedlePillow/Prop_NeedlePillowSideWithNeedle_Pink.png
  artifactKey: Guid(58ff7ad68768cc14683d28f6945df661) Importer(815301076,1909f56bfc062723c751e8b465ee728b)
Start importing Assets/All Assest/Assest 2D/Prop/NeedlePillow/Prop_NeedlePillowSideWithNeedle_Pink.png using Guid(58ff7ad68768cc14683d28f6945df661) Importer(815301076,1909f56bfc062723c751e8b465ee728b)  -> (artifact id: 'd12b54a2217cb235adeb5ac570e5dcc8') in 0.028942 seconds
Number of updated asset objects reloaded before import = 0
Number of asset objects unloaded after import = 3
========================================================================
Received Import Request.
  Time since last request: 1.563629 seconds.
  path: Assets/All Assest/Assest 2D/Prop/NeedlePillow/Prop_NeedlePillowSideWithNeedle_Tan.png
  artifactKey: Guid(de8949538f2f3c14c8ce1f5488dfa9fb) Importer(815301076,1909f56bfc062723c751e8b465ee728b)
Start importing Assets/All Assest/Assest 2D/Prop/NeedlePillow/Prop_NeedlePillowSideWithNeedle_Tan.png using Guid(de8949538f2f3c14c8ce1f5488dfa9fb) Importer(815301076,1909f56bfc062723c751e8b465ee728b)  -> (artifact id: 'b681976e438d3057e916db6f3dde68d9') in 0.026339 seconds
Number of updated asset objects reloaded before import = 0
Number of asset objects unloaded after import = 3
========================================================================
Received Import Request.
  Time since last request: 3.472425 seconds.
  path: Assets/All Assest/Assest 2D/Prop/NeedlePillow/Prop_NeedlePillowSideWithNeedle_Purple.png
  artifactKey: Guid(372c0f5ecd949a045a46cc01e977cc64) Importer(815301076,1909f56bfc062723c751e8b465ee728b)
Start importing Assets/All Assest/Assest 2D/Prop/NeedlePillow/Prop_NeedlePillowSideWithNeedle_Purple.png using Guid(372c0f5ecd949a045a46cc01e977cc64) Importer(815301076,1909f56bfc062723c751e8b465ee728b)  -> (artifact id: '78c514afc41f6188b22d51ac5d20da51') in 0.065099 seconds
Number of updated asset objects reloaded before import = 0
Number of asset objects unloaded after import = 3
========================================================================
Received Import Request.
  Time since last request: 4.337680 seconds.
  path: Assets/All Assest/Assest 2D/Prop/NeedlePillow/Prop_NeedlePillowWithNeedle_Brown.png
  artifactKey: Guid(5d450cd3fd576d64bb9531a3d863f142) Importer(815301076,1909f56bfc062723c751e8b465ee728b)
Start importing Assets/All Assest/Assest 2D/Prop/NeedlePillow/Prop_NeedlePillowWithNeedle_Brown.png using Guid(5d450cd3fd576d64bb9531a3d863f142) Importer(815301076,1909f56bfc062723c751e8b465ee728b)  -> (artifact id: '0066f7f1f22cb39cd5dfe2f8d26ee784') in 0.034819 seconds
Number of updated asset objects reloaded before import = 0
Number of asset objects unloaded after import = 3
========================================================================
Received Import Request.
  Time since last request: 1.124929 seconds.
  path: Assets/All Assest/Assest 2D/Prop/NeedlePillow/Prop_NeedlePillowWithNeedle_Cyan.png
  artifactKey: Guid(388c723127ee43c46b17e3f5b3b826f0) Importer(815301076,1909f56bfc062723c751e8b465ee728b)
Start importing Assets/All Assest/Assest 2D/Prop/NeedlePillow/Prop_NeedlePillowWithNeedle_Cyan.png using Guid(388c723127ee43c46b17e3f5b3b826f0) Importer(815301076,1909f56bfc062723c751e8b465ee728b)  -> (artifact id: '2b1c54fb9c6f0caed1b175ea68f3bb40') in 0.062074 seconds
Number of updated asset objects reloaded before import = 0
Number of asset objects unloaded after import = 3
========================================================================
Received Import Request.
  Time since last request: 33.899001 seconds.
  path: Assets/All Assest/Assest 2D/Prop/NeedlePillow/Prop_NeedlePillowSide_Purple.png
  artifactKey: Guid(99e82854cbe9f47449cdbe31d1706acb) Importer(815301076,1909f56bfc062723c751e8b465ee728b)
Start importing Assets/All Assest/Assest 2D/Prop/NeedlePillow/Prop_NeedlePillowSide_Purple.png using Guid(99e82854cbe9f47449cdbe31d1706acb) Importer(815301076,1909f56bfc062723c751e8b465ee728b)  -> (artifact id: 'c707075a29c2aa55e729245142e1b492') in 0.068737 seconds
Number of updated asset objects reloaded before import = 0
Number of asset objects unloaded after import = 3
========================================================================
Received Import Request.
  Time since last request: 0.311041 seconds.
  path: Assets/All Assest/Assest 2D/Prop/NeedlePillow/Prop_NeedlePillowSide_Pink.png
  artifactKey: Guid(07805c3e25ceb9e43be9b358a389f81a) Importer(815301076,1909f56bfc062723c751e8b465ee728b)
Start importing Assets/All Assest/Assest 2D/Prop/NeedlePillow/Prop_NeedlePillowSide_Pink.png using Guid(07805c3e25ceb9e43be9b358a389f81a) Importer(815301076,1909f56bfc062723c751e8b465ee728b)  -> (artifact id: '8dd20e712c2af54ed6953d50ecd1b2c0') in 0.033391 seconds
Number of updated asset objects reloaded before import = 0
Number of asset objects unloaded after import = 3
========================================================================
Received Import Request.
  Time since last request: 4.374367 seconds.
  path: Assets/All Assest/Assest 2D/Prop/NeedlePillow/Prop_NeedlePillowSide_Tan.png
  artifactKey: Guid(b9ec3c232d375224ba90c33868495652) Importer(815301076,1909f56bfc062723c751e8b465ee728b)
Start importing Assets/All Assest/Assest 2D/Prop/NeedlePillow/Prop_NeedlePillowSide_Tan.png using Guid(b9ec3c232d375224ba90c33868495652) Importer(815301076,1909f56bfc062723c751e8b465ee728b)  -> (artifact id: 'e0c915a29f16a360bbfdee2de33b47b7') in 0.059386 seconds
Number of updated asset objects reloaded before import = 0
Number of asset objects unloaded after import = 3
========================================================================
Received Import Request.
  Time since last request: 1.983391 seconds.
  path: Assets/All Assest/Assest 2D/Prop/NeedlePillow/Prop_NeedlePillowSideWithNeedle_Brown.png
  artifactKey: Guid(750d0d8e72b5d7c4da89c6b20b281657) Importer(815301076,1909f56bfc062723c751e8b465ee728b)
Start importing Assets/All Assest/Assest 2D/Prop/NeedlePillow/Prop_NeedlePillowSideWithNeedle_Brown.png using Guid(750d0d8e72b5d7c4da89c6b20b281657) Importer(815301076,1909f56bfc062723c751e8b465ee728b)  -> (artifact id: 'bc6cb5b748727a849845b936d18d387b') in 0.035223 seconds
Number of updated asset objects reloaded before import = 0
Number of asset objects unloaded after import = 3
========================================================================
Received Prepare
Begin MonoManager ReloadAssembly
- Loaded All Assemblies, in  0.899 seconds
Refreshing native plugins compatible for Editor in 8.74 ms, found 5 plugins.
Native extension for WindowsStandalone target not found
[Package Manager] Server::EnsureServerProcessIsRunning -- launch failed, reason: Unity was launched with the -noUpm command-line argument
[Package Manager] UpmClient::Send -- Unable to send message (not connected to UPM process).
[Package Manager] Cannot connect to Unity Package Manager local server
Mono: successfully reloaded assembly
- Finished resetting the current domain, in  2.237 seconds
Domain Reload Profiling: 3124ms
	BeginReloadAssembly (258ms)
		ExecutionOrderSort (0ms)
		DisableScriptedObjects (32ms)
		BackupInstance (0ms)
		ReleaseScriptingObjects (0ms)
		CreateAndSetChildDomain (70ms)
	RebuildCommonClasses (39ms)
	RebuildNativeTypeToScriptingClass (14ms)
	initialDomainReloadingComplete (40ms)
	LoadAllAssembliesAndSetupDomain (535ms)
		LoadAssemblies (609ms)
		RebuildTransferFunctionScriptingTraits (0ms)
		AnalyzeDomain (29ms)
			TypeCache.Refresh (8ms)
				TypeCache.ScanAssembly (0ms)
			ScanForSourceGeneratedMonoScriptInfo (0ms)
			ResolveRequiredComponents (18ms)
	FinalizeReload (2238ms)
		ReleaseScriptCaches (0ms)
		RebuildScriptCaches (0ms)
		SetupLoadedEditorAssemblies (1066ms)
			LogAssemblyErrors (0ms)
			InitializePlatformSupportModulesInManaged (14ms)
			SetLoadedEditorAssemblies (16ms)
			RefreshPlugins (0ms)
			BeforeProcessingInitializeOnLoad (201ms)
			ProcessInitializeOnLoadAttributes (702ms)
			ProcessInitializeOnLoadMethodAttributes (119ms)
			AfterProcessingInitializeOnLoad (14ms)
			EditorAssembliesLoaded (1ms)
		ExecutionOrderSort2 (0ms)
		AwakeInstancesAfterBackupRestoration (40ms)
Refreshing native plugins compatible for Editor in 10.95 ms, found 5 plugins.
Preloading 0 native plugins for Editor in 0.00 ms.
Unloading 6742 Unused Serialized files (Serialized files now loaded: 0)
Unloading 68 unused Assets / (1.7 MB). Loaded Objects now: 7705.
Memory consumption went from 343.2 MB to 341.5 MB.
Total: 8.823200 ms (FindLiveObjects: 1.244900 ms CreateObjectMapping: 1.851100 ms MarkObjects: 4.757400 ms  DeleteObjects: 0.966700 ms)

Prepare: number of updated asset objects reloaded= 0
AssetImportParameters requested are different than current active one (requested -> active):
  custom:container-demuxer-ogg: 62fdf1f143b41e24485cea50d1cbac27 -> 
  custom:framework-win-MediaFoundation: 216162199b28c13a410421893ffa2e32 -> 
  custom:container-muxer-webm: aa71ff27fc2769a1b78a27578f13a17b -> 
  custom:video-decoder-webm-vp8: 9c59270c3fd7afecdb556c50c9e8de78 -> 
  custom:SearchIndexIgnoredProperties: e643bd26f0fe6173181afceb89e7c659 -> 
  custom:AudioImporter_EditorPlatform: d09bf68614088b80899f8185d706f6e7 -> 
  custom:audio-decoder-ogg-vorbis: bf7c407c2cedff20999df2af8eb42d56 -> 
  custom:audio-encoder-webm-vorbis: bf7c407c2cedff20999df2af8eb42d56 -> 
  custom:video-decoder-ogg-theora: a1e56fd34408186e4bbccfd4996cb3dc -> 
  custom:CustomObjectIndexerAttribute: 39606d92bcf39ac9cd6fca1116091104 -> 
  custom:container-demuxer-webm: 4f35f7cbe854078d1ac9338744f61a02 -> 
  custom:video-encoder-webm-vp8: eb34c28f22e8b96e1ab97ce403110664 -> 
========================================================================
Received Prepare
Begin MonoManager ReloadAssembly
- Loaded All Assemblies, in  0.829 seconds
Refreshing native plugins compatible for Editor in 7.78 ms, found 5 plugins.
Native extension for WindowsStandalone target not found
[Package Manager] Server::EnsureServerProcessIsRunning -- launch failed, reason: Unity was launched with the -noUpm command-line argument
[Package Manager] UpmClient::Send -- Unable to send message (not connected to UPM process).
[Package Manager] Cannot connect to Unity Package Manager local server
Mono: successfully reloaded assembly
- Finished resetting the current domain, in  2.626 seconds
Domain Reload Profiling: 3443ms
	BeginReloadAssembly (299ms)
		ExecutionOrderSort (0ms)
		DisableScriptedObjects (15ms)
		BackupInstance (0ms)
		ReleaseScriptingObjects (0ms)
		CreateAndSetChildDomain (91ms)
	RebuildCommonClasses (51ms)
	RebuildNativeTypeToScriptingClass (15ms)
	initialDomainReloadingComplete (42ms)
	LoadAllAssembliesAndSetupDomain (410ms)
		LoadAssemblies (522ms)
		RebuildTransferFunctionScriptingTraits (0ms)
		AnalyzeDomain (27ms)
			TypeCache.Refresh (8ms)
				TypeCache.ScanAssembly (0ms)
			ScanForSourceGeneratedMonoScriptInfo (0ms)
			ResolveRequiredComponents (17ms)
	FinalizeReload (2627ms)
		ReleaseScriptCaches (0ms)
		RebuildScriptCaches (0ms)
		SetupLoadedEditorAssemblies (1342ms)
			LogAssemblyErrors (0ms)
			InitializePlatformSupportModulesInManaged (13ms)
			SetLoadedEditorAssemblies (14ms)
			RefreshPlugins (0ms)
			BeforeProcessingInitializeOnLoad (229ms)
			ProcessInitializeOnLoadAttributes (893ms)
			ProcessInitializeOnLoadMethodAttributes (168ms)
			AfterProcessingInitializeOnLoad (24ms)
			EditorAssembliesLoaded (0ms)
		ExecutionOrderSort2 (0ms)
		AwakeInstancesAfterBackupRestoration (52ms)
Refreshing native plugins compatible for Editor in 14.75 ms, found 5 plugins.
Preloading 0 native plugins for Editor in 0.00 ms.
Unloading 6742 Unused Serialized files (Serialized files now loaded: 0)
Unloading 68 unused Assets / (1.7 MB). Loaded Objects now: 7726.
Memory consumption went from 345.0 MB to 343.4 MB.
Total: 7.232900 ms (FindLiveObjects: 1.202600 ms CreateObjectMapping: 1.712300 ms MarkObjects: 3.902600 ms  DeleteObjects: 0.414000 ms)

Prepare: number of updated asset objects reloaded= 0
AssetImportParameters requested are different than current active one (requested -> active):
  custom:container-demuxer-ogg: 62fdf1f143b41e24485cea50d1cbac27 -> 
  custom:framework-win-MediaFoundation: 216162199b28c13a410421893ffa2e32 -> 
  custom:container-muxer-webm: aa71ff27fc2769a1b78a27578f13a17b -> 
  custom:video-decoder-webm-vp8: 9c59270c3fd7afecdb556c50c9e8de78 -> 
  custom:SearchIndexIgnoredProperties: e643bd26f0fe6173181afceb89e7c659 -> 
  custom:AudioImporter_EditorPlatform: d09bf68614088b80899f8185d706f6e7 -> 
  custom:audio-decoder-ogg-vorbis: bf7c407c2cedff20999df2af8eb42d56 -> 
  custom:audio-encoder-webm-vorbis: bf7c407c2cedff20999df2af8eb42d56 -> 
  custom:video-decoder-ogg-theora: a1e56fd34408186e4bbccfd4996cb3dc -> 
  custom:CustomObjectIndexerAttribute: 39606d92bcf39ac9cd6fca1116091104 -> 
  custom:container-demuxer-webm: 4f35f7cbe854078d1ac9338744f61a02 -> 
  custom:video-encoder-webm-vp8: eb34c28f22e8b96e1ab97ce403110664 -> 
========================================================================
Received Prepare
Begin MonoManager ReloadAssembly
- Loaded All Assemblies, in  0.856 seconds
Refreshing native plugins compatible for Editor in 8.23 ms, found 5 plugins.
Native extension for WindowsStandalone target not found
[Package Manager] Server::EnsureServerProcessIsRunning -- launch failed, reason: Unity was launched with the -noUpm command-line argument
[Package Manager] UpmClient::Send -- Unable to send message (not connected to UPM process).
[Package Manager] Cannot connect to Unity Package Manager local server
Mono: successfully reloaded assembly
- Finished resetting the current domain, in  2.204 seconds
Domain Reload Profiling: 3051ms
	BeginReloadAssembly (236ms)
		ExecutionOrderSort (0ms)
		DisableScriptedObjects (13ms)
		BackupInstance (0ms)
		ReleaseScriptingObjects (0ms)
		CreateAndSetChildDomain (60ms)
	RebuildCommonClasses (47ms)
	RebuildNativeTypeToScriptingClass (16ms)
	initialDomainReloadingComplete (43ms)
	LoadAllAssembliesAndSetupDomain (505ms)
		LoadAssemblies (588ms)
		RebuildTransferFunctionScriptingTraits (0ms)
		AnalyzeDomain (29ms)
			TypeCache.Refresh (8ms)
				TypeCache.ScanAssembly (0ms)
			ScanForSourceGeneratedMonoScriptInfo (0ms)
			ResolveRequiredComponents (19ms)
	FinalizeReload (2205ms)
		ReleaseScriptCaches (0ms)
		RebuildScriptCaches (0ms)
		SetupLoadedEditorAssemblies (1050ms)
			LogAssemblyErrors (0ms)
			InitializePlatformSupportModulesInManaged (11ms)
			SetLoadedEditorAssemblies (8ms)
			RefreshPlugins (0ms)
			BeforeProcessingInitializeOnLoad (178ms)
			ProcessInitializeOnLoadAttributes (717ms)
			ProcessInitializeOnLoadMethodAttributes (119ms)
			AfterProcessingInitializeOnLoad (16ms)
			EditorAssembliesLoaded (0ms)
		ExecutionOrderSort2 (0ms)
		AwakeInstancesAfterBackupRestoration (43ms)
Refreshing native plugins compatible for Editor in 12.51 ms, found 5 plugins.
Preloading 0 native plugins for Editor in 0.00 ms.
Unloading 6742 Unused Serialized files (Serialized files now loaded: 0)
Unloading 68 unused Assets / (1.7 MB). Loaded Objects now: 7747.
Memory consumption went from 347.0 MB to 345.3 MB.
Total: 7.335500 ms (FindLiveObjects: 1.252300 ms CreateObjectMapping: 1.036900 ms MarkObjects: 4.573700 ms  DeleteObjects: 0.471300 ms)

Prepare: number of updated asset objects reloaded= 0
AssetImportParameters requested are different than current active one (requested -> active):
  custom:container-demuxer-ogg: 62fdf1f143b41e24485cea50d1cbac27 -> 
  custom:framework-win-MediaFoundation: 216162199b28c13a410421893ffa2e32 -> 
  custom:container-muxer-webm: aa71ff27fc2769a1b78a27578f13a17b -> 
  custom:video-decoder-webm-vp8: 9c59270c3fd7afecdb556c50c9e8de78 -> 
  custom:SearchIndexIgnoredProperties: e643bd26f0fe6173181afceb89e7c659 -> 
  custom:AudioImporter_EditorPlatform: d09bf68614088b80899f8185d706f6e7 -> 
  custom:audio-decoder-ogg-vorbis: bf7c407c2cedff20999df2af8eb42d56 -> 
  custom:audio-encoder-webm-vorbis: bf7c407c2cedff20999df2af8eb42d56 -> 
  custom:video-decoder-ogg-theora: a1e56fd34408186e4bbccfd4996cb3dc -> 
  custom:CustomObjectIndexerAttribute: 39606d92bcf39ac9cd6fca1116091104 -> 
  custom:container-demuxer-webm: 4f35f7cbe854078d1ac9338744f61a02 -> 
  custom:video-encoder-webm-vp8: eb34c28f22e8b96e1ab97ce403110664 -> 
========================================================================
Received Import Request.
  Time since last request: 361.209528 seconds.
  path: Assets/All Assest/Assest 2D/Prop/NeedlePillow/Prop_NeedlePillow_Pink.png
  artifactKey: Guid(fb71abb6b9ff35747bc5648aa0b9e05f) Importer(815301076,1909f56bfc062723c751e8b465ee728b)
Start importing Assets/All Assest/Assest 2D/Prop/NeedlePillow/Prop_NeedlePillow_Pink.png using Guid(fb71abb6b9ff35747bc5648aa0b9e05f) Importer(815301076,1909f56bfc062723c751e8b465ee728b)  -> (artifact id: 'd9c478f30a7b5a42fe7f19bffde414c8') in 0.112846 seconds
Number of updated asset objects reloaded before import = 0
Number of asset objects unloaded after import = 3
========================================================================
Received Import Request.
  Time since last request: 15.306883 seconds.
  path: Assets/All Assest/Assest 2D/Prop/Thread/Prop_ThreadSide_Pink.png
  artifactKey: Guid(33fa30011f4a9ea41bd108cbf8e680f0) Importer(815301076,1909f56bfc062723c751e8b465ee728b)
Start importing Assets/All Assest/Assest 2D/Prop/Thread/Prop_ThreadSide_Pink.png using Guid(33fa30011f4a9ea41bd108cbf8e680f0) Importer(815301076,1909f56bfc062723c751e8b465ee728b)  -> (artifact id: '68120c75f3096afbf57663e935f75928') in 0.065681 seconds
Number of updated asset objects reloaded before import = 0
Number of asset objects unloaded after import = 3
========================================================================
Received Import Request.
  Time since last request: 3.236865 seconds.
  path: Assets/All Assest/Assest 2D/Prop/Thread/Prop_ThreadSide_Purple.png
  artifactKey: Guid(3c41fe2f6b57f1849980d7de9ef467db) Importer(815301076,1909f56bfc062723c751e8b465ee728b)
Start importing Assets/All Assest/Assest 2D/Prop/Thread/Prop_ThreadSide_Purple.png using Guid(3c41fe2f6b57f1849980d7de9ef467db) Importer(815301076,1909f56bfc062723c751e8b465ee728b)  -> (artifact id: '3fd57656ffb0ebc7f05b0ecd78de5ac2') in 0.066407 seconds
Number of updated asset objects reloaded before import = 0
Number of asset objects unloaded after import = 3
========================================================================
Received Import Request.
  Time since last request: 222.392942 seconds.
  path: Assets/All Assest/Assest 2D/Prop/Dolls
  artifactKey: Guid(fb84884b7c268414a819b9b5d26697bc) Importer(815301076,1909f56bfc062723c751e8b465ee728b)
Start importing Assets/All Assest/Assest 2D/Prop/Dolls using Guid(fb84884b7c268414a819b9b5d26697bc) Importer(815301076,1909f56bfc062723c751e8b465ee728b)  -> (artifact id: '4384be491b3ba8ec00a4690ae31c203d') in 0.001421 seconds
Number of updated asset objects reloaded before import = 0
Number of asset objects unloaded after import = 0
========================================================================
Received Import Request.
  Time since last request: 0.322108 seconds.
  path: Assets/All Assest/Assest 2D/Prop/FloorMat
  artifactKey: Guid(cd0cb83dbb4507c42ae971ed883ead13) Importer(815301076,1909f56bfc062723c751e8b465ee728b)
Start importing Assets/All Assest/Assest 2D/Prop/FloorMat using Guid(cd0cb83dbb4507c42ae971ed883ead13) Importer(815301076,1909f56bfc062723c751e8b465ee728b)  -> (artifact id: 'a66744d0804152f1cfcdc60d3cce031a') in 0.001216 seconds
Number of updated asset objects reloaded before import = 0
Number of asset objects unloaded after import = 0
========================================================================
Received Import Request.
  Time since last request: 0.921289 seconds.
  path: Assets/All Assest/Assest 2D/Prop/Kitchen
  artifactKey: Guid(ebaae6dff05c8f04c9eb4dca7f2084c4) Importer(815301076,1909f56bfc062723c751e8b465ee728b)
Start importing Assets/All Assest/Assest 2D/Prop/Kitchen using Guid(ebaae6dff05c8f04c9eb4dca7f2084c4) Importer(815301076,1909f56bfc062723c751e8b465ee728b)  -> (artifact id: '3fd3986800689a38a905a5dba192350a') in 0.001425 seconds
Number of updated asset objects reloaded before import = 0
Number of asset objects unloaded after import = 0
========================================================================
Received Import Request.
  Time since last request: 13.344807 seconds.
  path: Assets/All Assest/Assest 2D/Prop/SewingMachine/SewingTable_SideView_NoNeedle.png
  artifactKey: Guid(57c94f650d7a7794bacde205b3055493) Importer(815301076,1909f56bfc062723c751e8b465ee728b)
Start importing Assets/All Assest/Assest 2D/Prop/SewingMachine/SewingTable_SideView_NoNeedle.png using Guid(57c94f650d7a7794bacde205b3055493) Importer(815301076,1909f56bfc062723c751e8b465ee728b)  -> (artifact id: 'b8116dbafb1cd791f01ec2429e2a05ef') in 0.036377 seconds
Number of updated asset objects reloaded before import = 0
Number of asset objects unloaded after import = 3
========================================================================
Received Import Request.
  Time since last request: 0.540580 seconds.
  path: Assets/All Assest/Assest 2D/Prop/SewingMachine/SewingTable_SideView_Needle.png
  artifactKey: Guid(2b3dea3dd225b1f42810f7088954223d) Importer(815301076,1909f56bfc062723c751e8b465ee728b)
Start importing Assets/All Assest/Assest 2D/Prop/SewingMachine/SewingTable_SideView_Needle.png using Guid(2b3dea3dd225b1f42810f7088954223d) Importer(815301076,1909f56bfc062723c751e8b465ee728b)  -> (artifact id: '38d274f74a5908c7e13c49f04efd283a') in 0.033483 seconds
Number of updated asset objects reloaded before import = 0
Number of asset objects unloaded after import = 3
========================================================================
Received Import Request.
  Time since last request: 12.921221 seconds.
  path: Assets/All Assest/Assest 2D/Prop/NeedlePillow/Prop_Needle.png
  artifactKey: Guid(9f604549c9fdc4c4da2610c560860e2d) Importer(815301076,1909f56bfc062723c751e8b465ee728b)
Start importing Assets/All Assest/Assest 2D/Prop/NeedlePillow/Prop_Needle.png using Guid(9f604549c9fdc4c4da2610c560860e2d) Importer(815301076,1909f56bfc062723c751e8b465ee728b)  -> (artifact id: '8e5bc4f2117218c085a228b3bf2260b6') in 0.030768 seconds
Number of updated asset objects reloaded before import = 0
Number of asset objects unloaded after import = 3
========================================================================
Received Import Request.
  Time since last request: 132.681534 seconds.
  path: Assets/All Assest/Assest 2D/Prop/1024x1024/Prop_Diary 1.png
  artifactKey: Guid(b21cd5af4b5ac3344acd22709139f2a2) Importer(815301076,1909f56bfc062723c751e8b465ee728b)
Start importing Assets/All Assest/Assest 2D/Prop/1024x1024/Prop_Diary 1.png using Guid(b21cd5af4b5ac3344acd22709139f2a2) Importer(815301076,1909f56bfc062723c751e8b465ee728b)  -> (artifact id: 'bd6aaad4331ac2fd03fb68f17ce995ae') in 0.029122 seconds
Number of updated asset objects reloaded before import = 0
Number of asset objects unloaded after import = 3
========================================================================
Received Import Request.
  Time since last request: 4.860619 seconds.
  path: Assets/All Assest/Assest 2D/Prop/1024x1024/Ver2Doll/Prop_SitV2Doll_ShortOrange_RedShirt.png
  artifactKey: Guid(930e4b6cf91a81840a55de833a6904bf) Importer(815301076,1909f56bfc062723c751e8b465ee728b)
Start importing Assets/All Assest/Assest 2D/Prop/1024x1024/Ver2Doll/Prop_SitV2Doll_ShortOrange_RedShirt.png using Guid(930e4b6cf91a81840a55de833a6904bf) Importer(815301076,1909f56bfc062723c751e8b465ee728b)  -> (artifact id: '47d31aea0ffd09b4fbc10a6b0daa6f1e') in 0.032434 seconds
Number of updated asset objects reloaded before import = 0
Number of asset objects unloaded after import = 3
========================================================================
Received Import Request.
  Time since last request: 1.038917 seconds.
  path: Assets/All Assest/Assest 2D/Prop/1024x1024/Ver2Doll/Prop_V2Doll_Jean_NoHair.png
  artifactKey: Guid(210cde10d39a9454082bc78d3975e3fc) Importer(815301076,1909f56bfc062723c751e8b465ee728b)
Start importing Assets/All Assest/Assest 2D/Prop/1024x1024/Ver2Doll/Prop_V2Doll_Jean_NoHair.png using Guid(210cde10d39a9454082bc78d3975e3fc) Importer(815301076,1909f56bfc062723c751e8b465ee728b)  -> (artifact id: 'ef5e2e2e9ad5788636a17fa8580339e5') in 0.032562 seconds
Number of updated asset objects reloaded before import = 0
Number of asset objects unloaded after import = 3
========================================================================
Received Import Request.
  Time since last request: 0.427455 seconds.
  path: Assets/All Assest/Assest 2D/Prop/1024x1024/Ver2Doll/Prop_V2Doll_ShortBlonde_RedShirt.png
  artifactKey: Guid(b496ebaa41599b64f9346910e4597941) Importer(815301076,1909f56bfc062723c751e8b465ee728b)
Start importing Assets/All Assest/Assest 2D/Prop/1024x1024/Ver2Doll/Prop_V2Doll_ShortBlonde_RedShirt.png using Guid(b496ebaa41599b64f9346910e4597941) Importer(815301076,1909f56bfc062723c751e8b465ee728b)  -> (artifact id: 'aff8f0c282b93bb89820f80fb26167f6') in 0.028961 seconds
Number of updated asset objects reloaded before import = 0
Number of asset objects unloaded after import = 3
========================================================================
Received Import Request.
  Time since last request: 9.076723 seconds.
  path: Assets/All Assest/Assest 2D/Prop/Curtain
  artifactKey: Guid(9920edb1c9fae5a44a07f6b8171779c7) Importer(815301076,1909f56bfc062723c751e8b465ee728b)
Start importing Assets/All Assest/Assest 2D/Prop/Curtain using Guid(9920edb1c9fae5a44a07f6b8171779c7) Importer(815301076,1909f56bfc062723c751e8b465ee728b)  -> (artifact id: '23e65c687862cc78219c487c213de041') in 0.001391 seconds
Number of updated asset objects reloaded before import = 0
Number of asset objects unloaded after import = 0
========================================================================
Received Import Request.
  Time since last request: 6.233870 seconds.
  path: Assets/All Assest/Assest 2D/Prop/Light
  artifactKey: Guid(9dcec3aefec64684792014848bc3e40b) Importer(815301076,1909f56bfc062723c751e8b465ee728b)
Start importing Assets/All Assest/Assest 2D/Prop/Light using Guid(9dcec3aefec64684792014848bc3e40b) Importer(815301076,1909f56bfc062723c751e8b465ee728b)  -> (artifact id: '71faed70bfdca33bc22d6b7245a67e6e') in 0.001008 seconds
Number of updated asset objects reloaded before import = 0
Number of asset objects unloaded after import = 0
========================================================================
Received Import Request.
  Time since last request: 6.852143 seconds.
  path: Assets/All Assest/Assest 2D/Prop/RoomSign
  artifactKey: Guid(88eb9c62498991a44ab4234546d6a405) Importer(815301076,1909f56bfc062723c751e8b465ee728b)
Start importing Assets/All Assest/Assest 2D/Prop/RoomSign using Guid(88eb9c62498991a44ab4234546d6a405) Importer(815301076,1909f56bfc062723c751e8b465ee728b)  -> (artifact id: '380e8c0d71141fa6a10de8462932af0f') in 0.001008 seconds
Number of updated asset objects reloaded before import = 0
Number of asset objects unloaded after import = 0
========================================================================
Received Import Request.
  Time since last request: 22.052699 seconds.
  path: Assets/All Assest/Assest 2D/Prop/Dust/PaperFloor.png
  artifactKey: Guid(5599b7e296e2a6f4382ca69b870f1aa7) Importer(815301076,1909f56bfc062723c751e8b465ee728b)
Start importing Assets/All Assest/Assest 2D/Prop/Dust/PaperFloor.png using Guid(5599b7e296e2a6f4382ca69b870f1aa7) Importer(815301076,1909f56bfc062723c751e8b465ee728b)  -> (artifact id: '4f303313c1bb6f994d68974e1116a492') in 0.028566 seconds
Number of updated asset objects reloaded before import = 0
Number of asset objects unloaded after import = 3
========================================================================
Received Import Request.
  Time since last request: 1.869653 seconds.
  path: Assets/All Assest/Assest 2D/Prop/Dust/Moss.png
  artifactKey: Guid(7c4228107d00c3447b9e18eb7136ed62) Importer(815301076,1909f56bfc062723c751e8b465ee728b)
Start importing Assets/All Assest/Assest 2D/Prop/Dust/Moss.png using Guid(7c4228107d00c3447b9e18eb7136ed62) Importer(815301076,1909f56bfc062723c751e8b465ee728b)  -> (artifact id: '4859985a4d1133e4fd9a731a8236766d') in 0.047411 seconds
Number of updated asset objects reloaded before import = 0
Number of asset objects unloaded after import = 3
========================================================================
Received Import Request.
  Time since last request: 7.304207 seconds.
  path: Assets/All Assest/Assest 2D/Prop/ClothStick/Prop_ClothStick_Blue.png
  artifactKey: Guid(a8cd74a6cc1abd84a82bc809220f45ac) Importer(815301076,1909f56bfc062723c751e8b465ee728b)
Start importing Assets/All Assest/Assest 2D/Prop/ClothStick/Prop_ClothStick_Blue.png using Guid(a8cd74a6cc1abd84a82bc809220f45ac) Importer(815301076,1909f56bfc062723c751e8b465ee728b)  -> (artifact id: '581e20316f404a1d59d73d0ac0dfdcb6') in 0.069810 seconds
Number of updated asset objects reloaded before import = 0
Number of asset objects unloaded after import = 3
========================================================================
Received Import Request.
  Time since last request: 1.875211 seconds.
  path: Assets/All Assest/Assest 2D/Prop/ClothStick/Materials
  artifactKey: Guid(5e45d6687c93eef4097463d877d9a43f) Importer(815301076,1909f56bfc062723c751e8b465ee728b)
Start importing Assets/All Assest/Assest 2D/Prop/ClothStick/Materials using Guid(5e45d6687c93eef4097463d877d9a43f) Importer(815301076,1909f56bfc062723c751e8b465ee728b)  -> (artifact id: 'a91741266eb60126f52eb619e84e03e6') in 0.001556 seconds
Number of updated asset objects reloaded before import = 0
Number of asset objects unloaded after import = 0
========================================================================
Received Import Request.
  Time since last request: 9.344970 seconds.
  path: Assets/All Assest/Assest 2D/Prop/ClothPieces/SpriteCloth
  artifactKey: Guid(01429c45ca6512e42b4a6d38885e96cb) Importer(815301076,1909f56bfc062723c751e8b465ee728b)
Start importing Assets/All Assest/Assest 2D/Prop/ClothPieces/SpriteCloth using Guid(01429c45ca6512e42b4a6d38885e96cb) Importer(815301076,1909f56bfc062723c751e8b465ee728b)  -> (artifact id: 'f3d47a4f5dfb77ce558a647e40569265') in 0.000851 seconds
Number of updated asset objects reloaded before import = 0
Number of asset objects unloaded after import = 0
========================================================================
Received Import Request.
  Time since last request: 2.775362 seconds.
  path: Assets/All Assest/Assest 2D/Prop/ClothPieces/SpriteCloth/Prop_PieceFinish_Jean.png
  artifactKey: Guid(f511fa085ea022240a00a157b29fd7fd) Importer(815301076,1909f56bfc062723c751e8b465ee728b)
Start importing Assets/All Assest/Assest 2D/Prop/ClothPieces/SpriteCloth/Prop_PieceFinish_Jean.png using Guid(f511fa085ea022240a00a157b29fd7fd) Importer(815301076,1909f56bfc062723c751e8b465ee728b)  -> (artifact id: '942b1e0e52580c5fed6a91d86eae6586') in 0.026877 seconds
Number of updated asset objects reloaded before import = 0
Number of asset objects unloaded after import = 3
========================================================================
Received Import Request.
  Time since last request: 0.289200 seconds.
  path: Assets/All Assest/Assest 2D/Prop/ClothPieces/SpriteCloth/Prop_RawPiece_Green.png
  artifactKey: Guid(169ca0ae5c4cd6d46bb099168059653e) Importer(815301076,1909f56bfc062723c751e8b465ee728b)
Start importing Assets/All Assest/Assest 2D/Prop/ClothPieces/SpriteCloth/Prop_RawPiece_Green.png using Guid(169ca0ae5c4cd6d46bb099168059653e) Importer(815301076,1909f56bfc062723c751e8b465ee728b)  -> (artifact id: '904b5a4ddb211bab908970aa09d5cbf8') in 0.026026 seconds
Number of updated asset objects reloaded before import = 0
Number of asset objects unloaded after import = 3
========================================================================
Received Import Request.
  Time since last request: 1.817604 seconds.
  path: Assets/All Assest/Assest 2D/Prop/ClothPieces/Prop_TshirtPiece1_DarkRed.png
  artifactKey: Guid(0e30c2e415d235a49833f3164395ff7b) Importer(815301076,1909f56bfc062723c751e8b465ee728b)
Start importing Assets/All Assest/Assest 2D/Prop/ClothPieces/Prop_TshirtPiece1_DarkRed.png using Guid(0e30c2e415d235a49833f3164395ff7b) Importer(815301076,1909f56bfc062723c751e8b465ee728b)  -> (artifact id: '351035b8bb65ec76b20632fac12fec6c') in 0.028703 seconds
Number of updated asset objects reloaded before import = 0
Number of asset objects unloaded after import = 3
========================================================================
Received Import Request.
  Time since last request: 0.856159 seconds.
  path: Assets/All Assest/Assest 2D/Prop/ClothPieces/Prop_RawPiece_Navy.png
  artifactKey: Guid(6aacda6274e12654f83cb375d0ae8749) Importer(815301076,1909f56bfc062723c751e8b465ee728b)
Start importing Assets/All Assest/Assest 2D/Prop/ClothPieces/Prop_RawPiece_Navy.png using Guid(6aacda6274e12654f83cb375d0ae8749) Importer(815301076,1909f56bfc062723c751e8b465ee728b)  -> (artifact id: '7740b6761a8ca16de77406cfff4f4647') in 0.058810 seconds
Number of updated asset objects reloaded before import = 0
Number of asset objects unloaded after import = 3
========================================================================
Received Import Request.
  Time since last request: 0.519886 seconds.
  path: Assets/All Assest/Assest 2D/Prop/ClothPieces/Prop_RawPiece_Green.png
  artifactKey: Guid(13b526b1edf59f342b42deab93317297) Importer(815301076,1909f56bfc062723c751e8b465ee728b)
Start importing Assets/All Assest/Assest 2D/Prop/ClothPieces/Prop_RawPiece_Green.png using Guid(13b526b1edf59f342b42deab93317297) Importer(815301076,1909f56bfc062723c751e8b465ee728b)  -> (artifact id: '75032aabd9d9a00f2f4329affeada519') in 0.021902 seconds
Number of updated asset objects reloaded before import = 0
Number of asset objects unloaded after import = 3
========================================================================
Received Import Request.
  Time since last request: 9.588268 seconds.
  path: Assets/All Assest/Assest 2D/Prop/ClothPieces/Prop_JeanPiece_Navy.png
  artifactKey: Guid(09793a2e4f5a000419854e8cd7172070) Importer(815301076,1909f56bfc062723c751e8b465ee728b)
Start importing Assets/All Assest/Assest 2D/Prop/ClothPieces/Prop_JeanPiece_Navy.png using Guid(09793a2e4f5a000419854e8cd7172070) Importer(815301076,1909f56bfc062723c751e8b465ee728b)  -> (artifact id: '359f451c209d632236b1308c528d206c') in 0.023475 seconds
Number of updated asset objects reloaded before import = 0
Number of asset objects unloaded after import = 3
========================================================================
Received Import Request.
  Time since last request: 11.270877 seconds.
  path: Assets/All Assest/Assest 2D/Prop/Cooking/Prop_Cooking_WineBottle_Red.png
  artifactKey: Guid(bc356579f2150834baff0177cc286679) Importer(815301076,1909f56bfc062723c751e8b465ee728b)
Start importing Assets/All Assest/Assest 2D/Prop/Cooking/Prop_Cooking_WineBottle_Red.png using Guid(bc356579f2150834baff0177cc286679) Importer(815301076,1909f56bfc062723c751e8b465ee728b)  -> (artifact id: '25ee9e5e6c49521f6065d755d2ea55be') in 0.062693 seconds
Number of updated asset objects reloaded before import = 0
Number of asset objects unloaded after import = 3
========================================================================
Received Import Request.
  Time since last request: 0.570844 seconds.
  path: Assets/All Assest/Assest 2D/Prop/Cooking/Prop_Cooking_WineBottle_Blue.png
  artifactKey: Guid(595d41f0baff95a4e8d256d4bd81e0d0) Importer(815301076,1909f56bfc062723c751e8b465ee728b)
Start importing Assets/All Assest/Assest 2D/Prop/Cooking/Prop_Cooking_WineBottle_Blue.png using Guid(595d41f0baff95a4e8d256d4bd81e0d0) Importer(815301076,1909f56bfc062723c751e8b465ee728b)  -> (artifact id: 'f563f0a54738244848af90fbb33c32b5') in 0.033929 seconds
Number of updated asset objects reloaded before import = 0
Number of asset objects unloaded after import = 3
========================================================================
Received Import Request.
  Time since last request: 0.720155 seconds.
  path: Assets/All Assest/Assest 2D/Prop/Cooking/Prop_Cooking_WineBottle_Green.png
  artifactKey: Guid(e48e7cef56a134b4bbdf54b3bc2535fd) Importer(815301076,1909f56bfc062723c751e8b465ee728b)
Start importing Assets/All Assest/Assest 2D/Prop/Cooking/Prop_Cooking_WineBottle_Green.png using Guid(e48e7cef56a134b4bbdf54b3bc2535fd) Importer(815301076,1909f56bfc062723c751e8b465ee728b)  -> (artifact id: '73b4da57314eea52ba68dcbb46ac6d10') in 0.028276 seconds
Number of updated asset objects reloaded before import = 0
Number of asset objects unloaded after import = 3
========================================================================
Received Import Request.
  Time since last request: 1.389466 seconds.
  path: Assets/All Assest/Assest 2D/Prop/Cooking/Prop_Cooking_WineBottle_Yellow.png
  artifactKey: Guid(3b62efd92b6406f499cbaf83db369c5e) Importer(815301076,1909f56bfc062723c751e8b465ee728b)
Start importing Assets/All Assest/Assest 2D/Prop/Cooking/Prop_Cooking_WineBottle_Yellow.png using Guid(3b62efd92b6406f499cbaf83db369c5e) Importer(815301076,1909f56bfc062723c751e8b465ee728b)  -> (artifact id: '987f2ccd9714345ed737e54bdafc2026') in 0.057742 seconds
Number of updated asset objects reloaded before import = 0
Number of asset objects unloaded after import = 3
========================================================================
Received Import Request.
  Time since last request: 0.520191 seconds.
  path: Assets/All Assest/Assest 2D/Prop/Cooking/Prop_Cooking_WineBottle_White.png
  artifactKey: Guid(1fe455ef22f4ceb45aebdb6284fe425b) Importer(815301076,1909f56bfc062723c751e8b465ee728b)
Start importing Assets/All Assest/Assest 2D/Prop/Cooking/Prop_Cooking_WineBottle_White.png using Guid(1fe455ef22f4ceb45aebdb6284fe425b) Importer(815301076,1909f56bfc062723c751e8b465ee728b)  -> (artifact id: '3df8533fe991c39d1608455aa6098cb6') in 0.061092 seconds
Number of updated asset objects reloaded before import = 0
Number of asset objects unloaded after import = 3
========================================================================
Received Import Request.
  Time since last request: 2.169151 seconds.
  path: Assets/All Assest/Assest 2D/Prop/Cooking/Prop_Cooking_Spatula_Orange.png
  artifactKey: Guid(7193d604df005384a8311aeccb780bf3) Importer(815301076,1909f56bfc062723c751e8b465ee728b)
Start importing Assets/All Assest/Assest 2D/Prop/Cooking/Prop_Cooking_Spatula_Orange.png using Guid(7193d604df005384a8311aeccb780bf3) Importer(815301076,1909f56bfc062723c751e8b465ee728b)  -> (artifact id: '64532d43ac482e715a8d297a723fc112') in 0.037900 seconds
Number of updated asset objects reloaded before import = 0
Number of asset objects unloaded after import = 3
========================================================================
Received Import Request.
  Time since last request: 0.603406 seconds.
  path: Assets/All Assest/Assest 2D/Prop/Cooking/Prop_Cooking_Spatula_Blue.png
  artifactKey: Guid(a599e4479934e944eadb54f3fe254ed8) Importer(815301076,1909f56bfc062723c751e8b465ee728b)
Start importing Assets/All Assest/Assest 2D/Prop/Cooking/Prop_Cooking_Spatula_Blue.png using Guid(a599e4479934e944eadb54f3fe254ed8) Importer(815301076,1909f56bfc062723c751e8b465ee728b)  -> (artifact id: 'd3f410e8394be8989958700139f0cebe') in 0.031460 seconds
Number of updated asset objects reloaded before import = 0
Number of asset objects unloaded after import = 3
========================================================================
Received Import Request.
  Time since last request: 1.313055 seconds.
  path: Assets/All Assest/Assest 2D/Prop/Cooking/Prop_Cooking_Pot.png
  artifactKey: Guid(f64abeaee99f71f489ac64a3fabf51ef) Importer(815301076,1909f56bfc062723c751e8b465ee728b)
Start importing Assets/All Assest/Assest 2D/Prop/Cooking/Prop_Cooking_Pot.png using Guid(f64abeaee99f71f489ac64a3fabf51ef) Importer(815301076,1909f56bfc062723c751e8b465ee728b)  -> (artifact id: 'd6a08df89451a2f44bea7c06da2fc890') in 0.029255 seconds
Number of updated asset objects reloaded before import = 0
Number of asset objects unloaded after import = 3
========================================================================
Received Import Request.
  Time since last request: 0.792875 seconds.
  path: Assets/All Assest/Assest 2D/Prop/Cooking/Prop_Cooking_Pan.png
  artifactKey: Guid(55f6d71bc8b651e4596b749630e4c62c) Importer(815301076,1909f56bfc062723c751e8b465ee728b)
Start importing Assets/All Assest/Assest 2D/Prop/Cooking/Prop_Cooking_Pan.png using Guid(55f6d71bc8b651e4596b749630e4c62c) Importer(815301076,1909f56bfc062723c751e8b465ee728b)  -> (artifact id: '118db7631d4bbd30d3c3ac345887722e') in 0.028235 seconds
Number of updated asset objects reloaded before import = 0
Number of asset objects unloaded after import = 3
========================================================================
Received Import Request.
  Time since last request: 6.265346 seconds.
  path: Assets/All Assest/Assest 2D/Prop/Kitchen/Prop_Kitchen_Sponge.png
  artifactKey: Guid(0871e0712559daa4e86925586d15112b) Importer(815301076,1909f56bfc062723c751e8b465ee728b)
Start importing Assets/All Assest/Assest 2D/Prop/Kitchen/Prop_Kitchen_Sponge.png using Guid(0871e0712559daa4e86925586d15112b) Importer(815301076,1909f56bfc062723c751e8b465ee728b)  -> (artifact id: '0d6b4a0b1d7cc449d66c906fac5a958a') in 0.069774 seconds
Number of updated asset objects reloaded before import = 0
Number of asset objects unloaded after import = 3
========================================================================
Received Import Request.
  Time since last request: 0.403243 seconds.
  path: Assets/All Assest/Assest 2D/Prop/Kitchen/Prop_Kitchen_Plate.png
  artifactKey: Guid(a28603e1ffb0b54428a1e2d6fca3d271) Importer(815301076,1909f56bfc062723c751e8b465ee728b)
Start importing Assets/All Assest/Assest 2D/Prop/Kitchen/Prop_Kitchen_Plate.png using Guid(a28603e1ffb0b54428a1e2d6fca3d271) Importer(815301076,1909f56bfc062723c751e8b465ee728b)  -> (artifact id: 'f09582ae8b7f07f4b6c3a802e2e8e02d') in 0.063322 seconds
Number of updated asset objects reloaded before import = 0
Number of asset objects unloaded after import = 3
========================================================================
Received Import Request.
  Time since last request: 0.682825 seconds.
  path: Assets/All Assest/Assest 2D/Prop/Kitchen/Prop_Kitchen_TableCloth.png
  artifactKey: Guid(ae535acabc081cd479c5ba28af785644) Importer(815301076,1909f56bfc062723c751e8b465ee728b)
Start importing Assets/All Assest/Assest 2D/Prop/Kitchen/Prop_Kitchen_TableCloth.png using Guid(ae535acabc081cd479c5ba28af785644) Importer(815301076,1909f56bfc062723c751e8b465ee728b)  -> (artifact id: '8d9076d0b75125e9f570eace4eb03012') in 0.036737 seconds
Number of updated asset objects reloaded before import = 0
Number of asset objects unloaded after import = 3
========================================================================
Received Import Request.
  Time since last request: 0.931564 seconds.
  path: Assets/All Assest/Assest 2D/Prop/Kitchen/Prop_Kitchen_DishHolder.png
  artifactKey: Guid(d55fc0f59f74fd14e9f6b9919e4344b3) Importer(815301076,1909f56bfc062723c751e8b465ee728b)
Start importing Assets/All Assest/Assest 2D/Prop/Kitchen/Prop_Kitchen_DishHolder.png using Guid(d55fc0f59f74fd14e9f6b9919e4344b3) Importer(815301076,1909f56bfc062723c751e8b465ee728b)  -> (artifact id: '0964241488a120eeb009ed062bc477d8') in 0.031511 seconds
Number of updated asset objects reloaded before import = 0
Number of asset objects unloaded after import = 3
========================================================================
Received Prepare
Begin MonoManager ReloadAssembly
- Loaded All Assemblies, in  0.798 seconds
Refreshing native plugins compatible for Editor in 8.41 ms, found 5 plugins.
Native extension for WindowsStandalone target not found
[Package Manager] Server::EnsureServerProcessIsRunning -- launch failed, reason: Unity was launched with the -noUpm command-line argument
[Package Manager] UpmClient::Send -- Unable to send message (not connected to UPM process).
[Package Manager] Cannot connect to Unity Package Manager local server
Mono: successfully reloaded assembly
- Finished resetting the current domain, in  2.521 seconds
Domain Reload Profiling: 3310ms
	BeginReloadAssembly (232ms)
		ExecutionOrderSort (0ms)
		DisableScriptedObjects (12ms)
		BackupInstance (0ms)
		ReleaseScriptingObjects (0ms)
		CreateAndSetChildDomain (64ms)
	RebuildCommonClasses (47ms)
	RebuildNativeTypeToScriptingClass (18ms)
	initialDomainReloadingComplete (58ms)
	LoadAllAssembliesAndSetupDomain (433ms)
		LoadAssemblies (513ms)
		RebuildTransferFunctionScriptingTraits (0ms)
		AnalyzeDomain (29ms)
			TypeCache.Refresh (10ms)
				TypeCache.ScanAssembly (0ms)
			ScanForSourceGeneratedMonoScriptInfo (0ms)
			ResolveRequiredComponents (18ms)
	FinalizeReload (2522ms)
		ReleaseScriptCaches (0ms)
		RebuildScriptCaches (0ms)
		SetupLoadedEditorAssemblies (1198ms)
			LogAssemblyErrors (0ms)
			InitializePlatformSupportModulesInManaged (21ms)
			SetLoadedEditorAssemblies (16ms)
			RefreshPlugins (0ms)
			BeforeProcessingInitializeOnLoad (203ms)
			ProcessInitializeOnLoadAttributes (826ms)
			ProcessInitializeOnLoadMethodAttributes (118ms)
			AfterProcessingInitializeOnLoad (14ms)
			EditorAssembliesLoaded (0ms)
		ExecutionOrderSort2 (0ms)
		AwakeInstancesAfterBackupRestoration (43ms)
Refreshing native plugins compatible for Editor in 46.95 ms, found 5 plugins.
Preloading 0 native plugins for Editor in 0.00 ms.
Unloading 6742 Unused Serialized files (Serialized files now loaded: 0)
Unloading 68 unused Assets / (1.7 MB). Loaded Objects now: 7768.
Memory consumption went from 349.0 MB to 347.3 MB.
Total: 10.299100 ms (FindLiveObjects: 1.081600 ms CreateObjectMapping: 2.782600 ms MarkObjects: 5.611700 ms  DeleteObjects: 0.821900 ms)

Prepare: number of updated asset objects reloaded= 0
AssetImportParameters requested are different than current active one (requested -> active):
  custom:container-demuxer-ogg: 62fdf1f143b41e24485cea50d1cbac27 -> 
  custom:framework-win-MediaFoundation: 216162199b28c13a410421893ffa2e32 -> 
  custom:container-muxer-webm: aa71ff27fc2769a1b78a27578f13a17b -> 
  custom:video-decoder-webm-vp8: 9c59270c3fd7afecdb556c50c9e8de78 -> 
  custom:SearchIndexIgnoredProperties: e643bd26f0fe6173181afceb89e7c659 -> 
  custom:AudioImporter_EditorPlatform: d09bf68614088b80899f8185d706f6e7 -> 
  custom:audio-decoder-ogg-vorbis: bf7c407c2cedff20999df2af8eb42d56 -> 
  custom:audio-encoder-webm-vorbis: bf7c407c2cedff20999df2af8eb42d56 -> 
  custom:video-decoder-ogg-theora: a1e56fd34408186e4bbccfd4996cb3dc -> 
  custom:CustomObjectIndexerAttribute: 39606d92bcf39ac9cd6fca1116091104 -> 
  custom:container-demuxer-webm: 4f35f7cbe854078d1ac9338744f61a02 -> 
  custom:video-encoder-webm-vp8: eb34c28f22e8b96e1ab97ce403110664 -> 
